-- phpMyAdmin SQL Dump
-- version 4.6.4
-- https://www.phpmyadmin.net/
--
-- Host: 127.0.0.1
-- Generation Time: Apr 03, 2021 at 02:09 PM
-- Server version: 5.7.14
-- PHP Version: 7.0.10

SET SQL_MODE = "NO_AUTO_VALUE_ON_ZERO";
SET time_zone = "+00:00";


/*!40101 SET @OLD_CHARACTER_SET_CLIENT=@@CHARACTER_SET_CLIENT */;
/*!40101 SET @OLD_CHARACTER_SET_RESULTS=@@CHARACTER_SET_RESULTS */;
/*!40101 SET @OLD_COLLATION_CONNECTION=@@COLLATION_CONNECTION */;
/*!40101 SET NAMES utf8mb4 */;

--
-- Database: `project-shop`
--

-- --------------------------------------------------------

--
-- Table structure for table `blogs`
--

CREATE TABLE `blogs` (
  `blogId` varchar(20) NOT NULL,
  `title` text NOT NULL,
  `content` text NOT NULL,
  `image` varchar(50) DEFAULT NULL,
  `createdAt` datetime NOT NULL,
  `updatedAt` datetime NOT NULL,
  `userId` int(11) DEFAULT NULL
) ENGINE=InnoDB DEFAULT CHARSET=utf8;

-- --------------------------------------------------------

--
-- Table structure for table `bonus`
--

CREATE TABLE `bonus` (
  `bonusId` int(11) NOT NULL,
  `title` varchar(255) NOT NULL,
  `description` text NOT NULL,
  `startTime` datetime NOT NULL,
  `endTime` datetime NOT NULL,
  `createdAt` datetime NOT NULL,
  `updatedAt` datetime NOT NULL
) ENGINE=InnoDB DEFAULT CHARSET=utf8;

-- --------------------------------------------------------

--
-- Table structure for table `comment`
--

CREATE TABLE `comment` (
  `commentId` varchar(20) NOT NULL,
  `content` varchar(100) NOT NULL,
  `createdAt` datetime NOT NULL,
  `updatedAt` datetime NOT NULL,
  `productId` varchar(50) DEFAULT NULL,
  `userId` int(11) DEFAULT NULL
) ENGINE=InnoDB DEFAULT CHARSET=utf8;

-- --------------------------------------------------------

--
-- Table structure for table `detailbonus`
--

CREATE TABLE `detailbonus` (
  `id` int(11) NOT NULL,
  `discountPrice` int(11) NOT NULL,
  `createdAt` datetime NOT NULL,
  `updatedAt` datetime NOT NULL,
  `bonusId` int(11) DEFAULT NULL,
  `productId` varchar(50) DEFAULT NULL
) ENGINE=InnoDB DEFAULT CHARSET=utf8;

-- --------------------------------------------------------

--
-- Table structure for table `detailcart`
--

CREATE TABLE `detailcart` (
  `id` int(11) NOT NULL,
  `productId` varchar(50) NOT NULL,
  `quantity` int(11) NOT NULL,
  `Price` int(11) NOT NULL,
  `createdAt` datetime NOT NULL,
  `updatedAt` datetime NOT NULL,
  `listCartId` int(11) DEFAULT NULL
) ENGINE=InnoDB DEFAULT CHARSET=utf8;

--
-- Dumping data for table `detailcart`
--

INSERT INTO `detailcart` (`id`, `productId`, `quantity`, `Price`, `createdAt`, `updatedAt`, `listCartId`) VALUES
(5, 'NP1020-15A', 1, 8450000, '2021-04-03 12:37:29', '2021-04-03 12:37:29', 3);

-- --------------------------------------------------------

--
-- Table structure for table `detailproduct`
--

CREATE TABLE `detailproduct` (
  `id` int(11) NOT NULL,
  `madeIn` varchar(50) DEFAULT NULL,
  `color` varchar(50) DEFAULT NULL,
  `quality` varchar(50) DEFAULT NULL,
  `function` varchar(100) DEFAULT NULL,
  `machine` varchar(100) DEFAULT NULL,
  `strap` varchar(100) DEFAULT NULL,
  `waterproof` varchar(10) DEFAULT NULL,
  `size` float DEFAULT NULL,
  `thickness` float DEFAULT NULL,
  `guarantee` int(11) DEFAULT NULL,
  `productId` varchar(50) NOT NULL,
  `createdAt` datetime NOT NULL,
  `updatedAt` datetime NOT NULL
) ENGINE=InnoDB DEFAULT CHARSET=utf8;

--
-- Dumping data for table `detailproduct`
--

INSERT INTO `detailproduct` (`id`, `madeIn`, `color`, `quality`, `function`, `machine`, `strap`, `waterproof`, `size`, `thickness`, `guarantee`, `productId`, `createdAt`, `updatedAt`) VALUES
(1, 'nhật bản', 'Màu trắng', ' 5 sao', 'Lịch Ngày – Lịch Thứ – Đồng Hồ 24h', 'Quartz (Pin)', 'Dây Da  Chính Hãng', '5 ATM', 42, 13, 12, 'MTP-1374L-7AVDF', '2020-11-16 17:24:21', '2020-11-16 17:24:21'),
(2, 'nhật bản', 'Màu vàng hồng', ' 5 sao', 'Lịch – Bộ Bấm Giờ – Giờ Kép – Đèn Led – Vài Chức Năng Khác', 'Quartz (Pin)', 'Dây kim loại', '5 ATM', 43.1, 10.5, 12, 'B650WC-5ADF', '2020-11-16 17:35:01', '2020-11-16 17:35:01'),
(3, 'nhật bản', 'Màu trắng bạc', '5 sao', 'Lịch – Bộ Bấm Giờ – Giờ Kép – Đèn Led – Vài Chức Năng Khác', 'Quartz (Pin)', 'Dây kim loại', '5 ATM', 43.1, 10.5, 12, 'B650WD-1ADF', '2020-11-16 17:37:32', '2020-11-16 17:37:32'),
(5, 'nhật bản', 'Màu đen', '5 sao', 'Lịch – Bộ Bấm Giờ – Giờ Kép – Đèn Led – Vài Chức Năng Khác', 'Quartz (Pin)', 'Dây Da Chính Hãng', '5 ATM', 43, 10.4, 12, 'MTP-1374L-1AVDF', '2020-11-16 17:48:41', '2020-11-16 17:48:41'),
(7, 'nhật bản', 'Màu đen', '5 sao', 'Lịch Ngày – Lịch Thứ- Đồng hồ 24h\n', 'Quartz (Pin)', 'Dây Kim Loại', '5 ATM', 43, 12, 12, 'MTP-1374D-1AVDF', '2020-11-16 18:01:16', '2020-11-16 18:01:16'),
(8, 'nhật bản', 'Màu trắng', '5 sao', 'Lịch Ngày – Chronograph', 'Quartz (Pin)', 'Dây Kim Loại', '5 ATM', 43.8, 11.6, 12, 'EFV-570D-7AVUDF', '2020-11-16 18:04:38', '2020-11-16 18:04:38'),
(9, 'nhật bản', 'Màu trắng', '5 sao', 'Lịch Ngày – Chronograph', 'Quartz (Pin)', 'Dây Kim Loại', '10 ATM', 43.8, 12.1, 12, 'EFV-540D-7AVUDF', '2020-11-16 18:07:12', '2020-11-16 18:07:12'),
(10, 'nhật bản', 'Màu hồng', '5 sao', 'Lịch Ngày', 'Quartz (Pin)', 'Dây Kim Loại', '5 ATM', 31.2, 8.7, 12, 'LTP-1308D-4AVDF', '2020-11-16 18:11:24', '2020-11-16 18:11:24'),
(11, 'nhật bản', 'Màu vàng', '5 sao', '', 'Quartz (Pin)', 'Dây Kim Loại', '5 ATM', 26, 7.3, 12, 'LTP-E402G-9AVDF', '2020-11-16 18:14:30', '2020-11-16 18:14:30'),
(12, 'nhật bản', 'Màu đen', '5 sao', 'Lịch Ngày', 'Quartz (Pin)', 'Dây Da chính hãng', '5 ATM', 40, 9.5, 12, 'MTP-E149L-1BVDF', '2020-11-16 18:18:20', '2020-11-16 18:18:20'),
(13, 'nhật bản', 'Màu xanh dương', '5 sao', 'Lịch Ngày', 'Quartz (Pin)', 'Dây Da chính hãng', '8 ATM', 47, 9.5, 12, 'MTP-E149L-2BVDF', '2020-11-16 18:21:58', '2020-11-16 18:21:58'),
(14, 'nhật bản', 'Màu đen', '5 sao', 'Lịch Ngày', 'Quartz (Pin)', 'Dây Kim loại', '5 ATM', 50, 13, 12, 'MTP-1374D-2A', '2020-11-16 18:24:58', '2020-11-16 18:24:58'),
(15, 'nhật bản', 'Màu trawnsg', '5 sao', 'Lịch Ngày – Lịch Thứ – Đồng hồ 24h', 'Quartz (Pin)', 'Dây Kim loại', '5 ATM', 43.5, 13.5, 12, 'MTP-1374D-7AVDF', '2020-11-16 18:27:34', '2020-11-16 18:27:34'),
(16, 'nhật bản', 'Màu đen', '5 sao', 'Lịch Ngày – Lịch Thứ – Lịch Tháng', 'Automatic (Tự Động)', 'Dây Da Chính Hãng', '5 ATM', 45, 13, 12, 'NP1000-04E', '2020-11-16 18:54:46', '2020-11-16 18:54:46'),
(17, 'nhật bản', 'Màu trắng', '5 sao', 'Lịch Ngày – Lịch Thứ – Lịch Tháng', 'Quartz (Pin)', 'Thép Không Gỉ', '5 ATM', 39, 8, 12, 'BE9174-55A', '2020-11-18 15:38:07', '2020-11-18 15:38:07'),
(18, 'nhật bản', 'Màu đen', '5 sao', 'Lịch Ngày ', 'Eco-Drive (Năng Lượng Ánh Sáng)', 'Thép Không Gỉ', '5 ATM', 26, 7, 12, 'EW1580-50E', '2020-11-18 15:42:14', '2020-11-18 15:42:14'),
(19, 'nhật bản', 'Màu trắng', '5 sao', 'Lịch Ngày ', 'Eco-Drive (Năng Lượng Ánh Sáng)', 'Dây Da chính hãng', '3 ATM', 28, 7, 12, 'EW1582-03A', '2020-11-18 15:44:59', '2020-11-18 15:44:59'),
(20, 'nhật bản', 'Màu trắng', '5 sao', 'Lịch Ngày ', 'Eco-Drive (Năng Lượng Ánh Sáng)', 'Thép Không Gỉ', '3 ATM', 36, 8, 12, 'BM6774-51A', '2020-11-18 15:51:02', '2020-11-18 15:51:02'),
(22, 'nhật bản', 'Màu đen', '5 sao', 'Lịch thứ', 'Quartz (Pin)', 'Thép Không Gỉ', '5 ATM', 40, 9, 12, 'BE9170-56E', '2020-11-18 16:01:29', '2020-11-18 16:01:29'),
(23, 'nhật bản', 'Màu trắng', '5 sao', '', 'Quartz (Pin)', 'Thép Không Gỉ', '5 ATM', 39, 8, 12, 'EJ6134-50A', '2020-11-18 16:07:11', '2020-11-18 16:07:11'),
(24, 'nhật bản', 'Màu trắng', '5 sao', '', 'Quartz (Pin)', 'Thép Không Gỉ', '3 ATM', 30, 7, 12, 'EJ6130-51E', '2020-11-18 16:11:50', '2020-11-18 16:11:50'),
(26, 'nhật bản', 'Màu trắng', '5 sao', 'Lịch Ngày – Lịch Thứ – Lịch Tháng', 'Eco-Drive (Năng lượng ánh sáng)', 'Thép Không Gỉ', '5 ATM', 42, 8, 12, 'BL9000-83E', '2020-11-18 16:24:52', '2020-11-18 16:24:52'),
(27, 'nhật bản', 'Màu trắng', '5 sao', 'Đồng Hồ 24 Giờ', 'Automatic (Tự Động)', 'Dây Da Chính Hãng', '5 ATM', 40, 10.7, 12, 'NP1020-15A', '2020-11-18 16:28:56', '2020-11-18 16:28:56'),
(28, 'nhật bản', 'Màu trắng', '5 sao', 'Lịch Ngày – Lịch Thứ – Lịch Tháng', 'Automatic (Cơ Tự Động)', 'Thép Không Gỉ', '5 ATM', 45, 12, 12, 'NB2010-58A', '2020-11-18 16:32:19', '2020-11-18 16:32:19'),
(29, 'nhật bản', 'Màu trắng', '5 sao', 'Lịch Ngày – Lịch Thứ – Lịch Tháng-Đồng hồ 24h', 'Eco-Drive', 'Dây da chính hãng', '5 ATM', 40, 8, 12, 'BJ7010-24W', '2020-11-18 16:37:24', '2020-11-18 16:37:24'),
(30, 'nhật bản', 'Màu trắng', '5 sao', 'Lịch Ngày', 'Eco-Drive (Năng Lượng Ánh Sáng)', 'Thép Không Gỉ', '5 ATM', 41, 9.6, 12, 'AW1370-51M', '2020-11-18 16:40:36', '2020-11-18 16:40:36'),
(31, 'Thụy Điển', 'Màu đen', '5 sao', '', 'Quartz (Pin)', 'Dây Kim Loại', '3 ATM', 32, 6, 12, 'DW00100161', '2020-11-18 17:05:33', '2020-11-18 17:05:33'),
(32, 'Thụy Điển', 'Màu trắng', '5 sao', '', 'Quartz (Pin)', 'Dây Kim Loại', '3 ATM', 32, 6, 24, 'DW00100163', '2020-11-18 17:08:46', '2020-11-18 17:08:46'),
(33, 'Thụy Điển', 'Màu đen', '5 sao', '', 'Quartz (Pin)', 'Dây Kim Loại', '3 ATM', 32, 6, 24, 'DW00100162', '2020-11-19 04:55:58', '2020-11-19 04:55:58'),
(34, 'Thụy Điển', 'Màu trắng', '5 sao', '', 'Quartz (Pin)', 'Dây Kim Loại', '3 ATM', 32, 6, 24, 'DW00100164', '2020-11-19 04:58:07', '2020-11-19 04:58:07'),
(35, 'Thụy Điển', 'Màu trắng', '5 sao', '', 'Quartz (Pin)', 'Dây Kim Loại', '3 ATM', 32, 6, 24, 'DW00100201', '2020-11-19 05:03:07', '2020-11-19 05:03:07'),
(36, 'Thụy Điển', 'Màu trắng', '5 sao', '', 'Quartz (Pin)', 'Dây Kim Loại', '3 ATM', 28, 6, 24, 'DW00100246', '2020-11-19 05:04:22', '2020-11-19 05:04:22'),
(37, 'Thụy Điển', 'Màu trắng', '5 sao', '', 'Quartz (Pin)', 'Dây vãi + Dây da chính hãng', '3 ATM', 40, 6, 24, 'DW00500002', '2020-11-19 05:07:46', '2020-11-19 05:07:46'),
(38, 'Thụy Điển', 'Màu trắng', '5 sao', '', 'Quartz (Pin)', 'Dây vãi + Dây da chính hãng', '3 ATM', 28, 6, 24, 'DW00100239', '2020-11-19 15:55:28', '2020-11-19 15:55:28'),
(39, 'Thụy Điển', 'Màu trắng', '5 sao', '', 'Quartz (Pin)', 'Dây vãi + Dây da chính hãng', '3 ATM', 40, 6, 24, 'DW00100086', '2020-11-19 16:08:31', '2020-11-19 16:08:31'),
(40, 'Thụy Điển', 'Màu trắng', '5 sao', '', 'Quartz (Pin)', 'Dây vãi + Dây da chính hãng', '3 ATM', 32, 6, 24, 'DW00100186', '2020-11-19 16:12:56', '2020-11-19 16:12:56'),
(41, 'Thụy Điển', 'Màu trắng', '5 sao', '', 'Quartz (Pin)', 'Dây da chính hãng', '3 ATM', 40, 6, 24, 'DW00100021', '2020-11-19 16:17:03', '2020-11-19 16:17:03'),
(42, 'Thụy Điển', 'Màu trắng', '5 sao', '', 'Quartz (Pin)', 'Dây kim loai hoặc dây vãi', '3 ATM', 28, 6, 24, 'DW00100248', '2020-11-19 16:20:10', '2020-11-19 16:20:10'),
(43, 'Thụy Điển', 'Màu trắng', '5 sao', '', 'Quartz (Pin)', 'dây vãi', '3 ATM', 36, 6, 24, 'DW00100260', '2020-11-19 16:22:49', '2020-11-19 16:22:49'),
(44, 'Thụy Điển', 'Màu trắng', '5 sao', '', 'Quartz (Pin)', 'dây vãi', '3 ATM', 40, 6, 24, 'DW00100257', '2020-11-19 16:26:28', '2020-11-19 16:26:28'),
(45, 'Thụy Điển', 'Màu trắng', '5 sao', '', 'Quartz (Pin)', 'dây vãi', '3 ATM', 28, 6, 24, 'DW00100228', '2020-11-19 16:28:37', '2021-03-04 07:01:39'),
(51, 'Nhật Bản', 'Màu đen', '5 sao', 'Lịch – Bộ Bấm Giờ – Đèn Led – Vài Chức Năng Khác', 'Quartz (Pin)', 'Dây Cao Su', '20 ATM', 50, 16, 24, 'DW-6900', '2021-03-12 14:37:22', '2021-03-12 14:37:22');

-- --------------------------------------------------------

--
-- Table structure for table `district`
--

CREATE TABLE `district` (
  `id` int(11) NOT NULL,
  `name` varchar(255) DEFAULT NULL,
  `location` varchar(255) DEFAULT NULL,
  `type` varchar(255) DEFAULT NULL,
  `idProvince` int(11) DEFAULT NULL,
  `createdAt` datetime NOT NULL,
  `updatedAt` datetime NOT NULL
) ENGINE=InnoDB DEFAULT CHARSET=utf8;

--
-- Dumping data for table `district`
--

INSERT INTO `district` (`id`, `name`, `location`, `type`, `idProvince`, `createdAt`, `updatedAt`) VALUES
(1, 'Quận Ba Đình', '21.0337815-105.8140539', 'Quận', 1, '2021-04-03 13:53:22', '2021-04-03 13:53:22'),
(2, 'Quận Hoàn Kiếm', '21.027964-105.8510132', 'Quận', 1, '2021-04-03 13:53:22', '2021-04-03 13:53:22'),
(3, 'Quận Tây Hồ', '21.0811211-105.8180306', 'Quận', 1, '2021-04-03 13:53:22', '2021-04-03 13:53:22'),
(4, 'Quận Long Biên', '21.0548635-105.8884966', 'Quận', 1, '2021-04-03 13:53:22', '2021-04-03 13:53:22'),
(5, 'Quận Cầu Giấy', '21.0362368-105.7905825', 'Quận', 1, '2021-04-03 13:53:22', '2021-04-03 13:53:22'),
(6, 'Quận Đống Đa', '21.0180725-105.8299495', 'Quận', 1, '2021-04-03 13:53:22', '2021-04-03 13:53:22'),
(7, 'Quận Hai Bà Trưng', '21.0090571-105.8607507', 'Quận', 1, '2021-04-03 13:53:22', '2021-04-03 13:53:22'),
(8, 'Quận Hoàng Mai', '20.9836984-105.8636257', 'Quận', 1, '2021-04-03 13:53:22', '2021-04-03 13:53:22'),
(9, 'Quận Thanh Xuân', '20.9959819-105.8097244', 'Quận', 1, '2021-04-03 13:53:22', '2021-04-03 13:53:22'),
(16, 'Huyện Sóc Sơn', '21.2573126-105.8480203', 'Huyện', 1, '2021-04-03 13:53:22', '2021-04-03 13:53:22'),
(17, 'Huyện Đông Anh', '21.1245303-105.8271398', 'Huyện', 1, '2021-04-03 13:53:22', '2021-04-03 13:53:22'),
(18, 'Huyện Gia Lâm', '21.0105208-105.952941', 'Huyện', 1, '2021-04-03 13:53:22', '2021-04-03 13:53:22'),
(19, 'Quận Nam Từ Liêm', '21.0034608-105.7703287', 'Quận', 1, '2021-04-03 13:53:22', '2021-04-03 13:53:22'),
(20, 'Huyện Thanh Trì', '20.9344418-105.8462288', 'Huyện', 1, '2021-04-03 13:53:22', '2021-04-03 13:53:22'),
(21, 'Quận Bắc Từ Liêm', '21.0730201-105.7703287', 'Quận', 1, '2021-04-03 13:53:22', '2021-04-03 13:53:22'),
(24, 'Thành phố Hà Giang', '22.8025588-104.9784494', 'Thành phố', 2, '2021-04-03 13:53:22', '2021-04-03 13:53:22'),
(26, 'Huyện Đồng Văn', '23.2246718-105.2428853', 'Huyện', 2, '2021-04-03 13:53:22', '2021-04-03 13:53:22'),
(27, 'Huyện Mèo Vạc', '23.1341053-105.4536718', 'Huyện', 2, '2021-04-03 13:53:22', '2021-04-03 13:53:22'),
(28, 'Huyện Yên Minh', '23.0434955-105.1960795', 'Huyện', 2, '2021-04-03 13:53:22', '2021-04-03 13:53:22'),
(29, 'Huyện Quản Bạ', '23.087186-104.9856176', 'Huyện', 2, '2021-04-03 13:53:22', '2021-04-03 13:53:22'),
(30, 'Huyện Vị Xuyên', '22.7241336-104.8921668', 'Huyện', 2, '2021-04-03 13:53:22', '2021-04-03 13:53:22'),
(31, 'Huyện Bắc Mê', '22.7811484-105.2662931', 'Huyện', 2, '2021-04-03 13:53:22', '2021-04-03 13:53:22'),
(32, 'Huyện Hoàng Su Phì', '22.7417169-104.705431', 'Huyện', 2, '2021-04-03 13:53:22', '2021-04-03 13:53:22'),
(33, 'Huyện Xín Mần', '22.6659156-104.5189214', 'Huyện', 2, '2021-04-03 13:53:22', '2021-04-03 13:53:22'),
(34, 'Huyện Bắc Quang', '22.4450248-104.8921668', 'Huyện', 2, '2021-04-03 13:53:22', '2021-04-03 13:53:22'),
(35, 'Thành phố Cao Bằng', '22.6655648-106.2606733', 'Thành phố', 3, '2021-04-03 13:53:22', '2021-04-03 13:53:22'),
(36, 'Huyện Bảo Lâm', '22.8378995-105.4948965', 'Huyện', 3, '2021-04-03 13:53:22', '2021-04-03 13:53:22'),
(37, 'Huyện Bảo Lạc', '22.8786248-105.6881788', 'Huyện', 3, '2021-04-03 13:53:22', '2021-04-03 13:53:22'),
(38, 'Huyện Thông Nông', '22.8439088-105.9520986', 'Huyện', 3, '2021-04-03 13:53:22', '2021-04-03 13:53:22'),
(39, 'Huyện Hà Quảng', '22.9025402-106.1345705', 'Huyện', 3, '2021-04-03 13:53:22', '2021-04-03 13:53:22'),
(40, 'Huyện Trà Lĩnh', '22.7903474-106.3228338', 'Huyện', 3, '2021-04-03 13:53:22', '2021-04-03 13:53:22'),
(41, 'Huyện Trùng Khánh', '22.8323826-106.5819789', 'Huyện', 3, '2021-04-03 13:53:22', '2021-04-03 13:53:22'),
(42, 'Huyện Hạ Lang', '22.7042438-106.6998767', 'Huyện', 3, '2021-04-03 13:53:22', '2021-04-03 13:53:22'),
(43, 'Huyện Quảng Uyên', '22.68299-106.4641459', 'Huyện', 3, '2021-04-03 13:53:22', '2021-04-03 13:53:22'),
(44, 'Huyện Phục Hoà', '22.5392684-106.5112712', 'Huyện', 3, '2021-04-03 13:53:22', '2021-04-03 13:53:22'),
(45, 'Huyện Hoà An', '22.7538704-106.22868', 'Huyện', 3, '2021-04-03 13:53:22', '2021-04-03 13:53:22'),
(46, 'Huyện Nguyên Bình', '22.6230856-105.92299', 'Huyện', 3, '2021-04-03 13:53:22', '2021-04-03 13:53:22'),
(58, 'Thành Phố Bắc Kạn', '22.1329032-105.8407722', 'Thành phố', 4, '2021-04-03 13:53:22', '2021-04-03 13:53:22'),
(60, 'Huyện Pác Nặm', '22.6126367-105.6703226', 'Huyện', 4, '2021-04-03 13:53:22', '2021-04-03 13:53:22'),
(61, 'Huyện Ba Bể', '22.3636887-105.7351171', 'Huyện', 4, '2021-04-03 13:53:22', '2021-04-03 13:53:22'),
(62, 'Huyện Ngân Sơn', '22.4281787-106.0169971', 'Huyện', 4, '2021-04-03 13:53:22', '2021-04-03 13:53:22'),
(63, 'Huyện Bạch Thông', '22.2360787-105.8525154', 'Huyện', 4, '2021-04-03 13:53:22', '2021-04-03 13:53:22'),
(64, 'Huyện Chợ Đồn', '22.1964994-105.5474373', 'Huyện', 4, '2021-04-03 13:53:22', '2021-04-03 13:53:22'),
(65, 'Huyện Chợ Mới', '21.9833375-105.8290298', 'Huyện', 4, '2021-04-03 13:53:22', '2021-04-03 13:53:22'),
(66, 'Huyện Na Rì', '22.1406595-106.1110501', 'Huyện', 4, '2021-04-03 13:53:22', '2021-04-03 13:53:22'),
(70, 'Thành phố Tuyên Quang', '21.7767246-105.2280196', 'Thành phố', 5, '2021-04-03 13:53:22', '2021-04-03 13:53:22'),
(71, 'Huyện Lâm Bình', '22.4565907-105.2170589', 'Huyện', 5, '2021-04-03 13:53:22', '2021-04-03 13:53:22'),
(72, 'Huyện Nà Hang', '22.4933358-105.3599568', 'Huyện', 5, '2021-04-03 13:53:22', '2021-04-03 13:53:22'),
(73, 'Huyện Chiêm Hóa', '22.1306765-105.2662931', 'Huyện', 5, '2021-04-03 13:53:22', '2021-04-03 13:53:22'),
(74, 'Huyện Hàm Yên', '22.0839452-105.027174', 'Huyện', 5, '2021-04-03 13:53:22', '2021-04-03 13:53:22'),
(75, 'Huyện Yên Sơn', '21.9447986-105.2662931', 'Huyện', 5, '2021-04-03 13:53:22', '2021-04-03 13:53:22'),
(76, 'Huyện Sơn Dương', '21.6571812-105.3599568', 'Huyện', 5, '2021-04-03 13:53:22', '2021-04-03 13:53:22'),
(80, 'Thành phố Lào Cai', '22.4458835-104.0037764', 'Thành phố', 6, '2021-04-03 13:53:22', '2021-04-03 13:53:22'),
(82, 'Huyện Bát Xát', '22.5539336-103.682586', 'Huyện', 6, '2021-04-03 13:53:22', '2021-04-03 13:53:22'),
(83, 'Huyện Mường Khương', '22.6785309-104.1233667', 'Huyện', 6, '2021-04-03 13:53:22', '2021-04-03 13:53:22'),
(84, 'Huyện Si Ma Cai', '22.6659838-104.262851', 'Huyện', 6, '2021-04-03 13:53:22', '2021-04-03 13:53:22'),
(85, 'Huyện Bắc Hà', '22.4965469-104.332644', 'Huyện', 6, '2021-04-03 13:53:22', '2021-04-03 13:53:22'),
(86, 'Huyện Bảo Thắng', '22.3266996-104.1466046', 'Huyện', 6, '2021-04-03 13:53:22', '2021-04-03 13:53:22'),
(87, 'Huyện Bảo Yên', '22.2763301-104.4490398', 'Huyện', 6, '2021-04-03 13:53:22', '2021-04-03 13:53:22'),
(88, 'Huyện Sa Pa', '22.2497168-103.9608091', 'Huyện', 6, '2021-04-03 13:53:22', '2021-04-03 13:53:22'),
(89, 'Huyện Văn Bàn', '22.0894109-104.1930918', 'Huyện', 6, '2021-04-03 13:53:22', '2021-04-03 13:53:22'),
(94, 'Thành phố Điện Biên Phủ', '21.4094269-103.0355852', 'Thành phố', 7, '2021-04-03 13:53:22', '2021-04-03 13:53:22'),
(95, 'Thị Xã Mường Lay', '22.0498734-103.1634988', 'Thị xã', 7, '2021-04-03 13:53:22', '2021-04-03 13:53:22'),
(96, 'Huyện Mường Nhé', '22.0832638-102.5757028', 'Huyện', 7, '2021-04-03 13:53:22', '2021-04-03 13:53:22'),
(97, 'Huyện Mường Chà', '21.8596604-103.035694', 'Huyện', 7, '2021-04-03 13:53:22', '2021-04-03 13:53:22'),
(98, 'Huyện Tủa Chùa', '21.9232005-103.4049445', 'Huyện', 7, '2021-04-03 13:53:22', '2021-04-03 13:53:22'),
(99, 'Huyện Tuần Giáo', '21.6427019-103.4049445', 'Huyện', 7, '2021-04-03 13:53:22', '2021-04-03 13:53:22'),
(100, 'Huyện Điện Biên', '21.2044768-103.035694', 'Huyện', 7, '2021-04-03 13:53:22', '2021-04-03 13:53:22'),
(101, 'Huyện Điện Biên Đông', '21.2835093-103.2201828', 'Huyện', 7, '2021-04-03 13:53:22', '2021-04-03 13:53:22'),
(102, 'Huyện Mường Ảng', '21.5641438-103.2201828', 'Huyện', 7, '2021-04-03 13:53:22', '2021-04-03 13:53:22'),
(103, 'Huyện Nậm Pồ', '22.1910984-102.4614607', 'Huyện', 7, '2021-04-03 13:53:22', '2021-04-03 13:53:22'),
(105, 'Thành phố Lai Châu', '22.3997565-103.4477219', 'Thành phố', 8, '2021-04-03 13:53:22', '2021-04-03 13:53:22'),
(106, 'Huyện Tam Đường', '22.3497051-103.6131203', 'Huyện', 8, '2021-04-03 13:53:22', '2021-04-03 13:53:22'),
(107, 'Huyện Mường Tè', '22.400379-102.7135121', 'Huyện', 8, '2021-04-03 13:53:22', '2021-04-03 13:53:22'),
(108, 'Huyện Sìn Hồ', '22.3048884-103.3125299', 'Huyện', 8, '2021-04-03 13:53:22', '2021-04-03 13:53:22'),
(109, 'Huyện Phong Thổ', '22.5776336-103.4049445', 'Huyện', 8, '2021-04-03 13:53:22', '2021-04-03 13:53:22'),
(110, 'Huyện Than Uyên', '21.8922107-103.7752634', 'Huyện', 8, '2021-04-03 13:53:22', '2021-04-03 13:53:22'),
(111, 'Huyện Tân Uyên', '22.0868845-103.682586', 'Huyện', 8, '2021-04-03 13:53:22', '2021-04-03 13:53:22'),
(112, 'Huyện Nậm Nhùn', '22.1559988-103.0059081', 'Huyện', 8, '2021-04-03 13:53:22', '2021-04-03 13:53:22'),
(116, 'Thành phố Sơn La', '21.3270341-103.9141288', 'Thành phố', 9, '2021-04-03 13:53:22', '2021-04-03 13:53:22'),
(118, 'Huyện Quỳnh Nhai', '21.7132038-103.682586', 'Huyện', 9, '2021-04-03 13:53:22', '2021-04-03 13:53:22'),
(119, 'Huyện Thuận Châu', '21.3900652-103.6362715', 'Huyện', 9, '2021-04-03 13:53:22', '2021-04-03 13:53:22'),
(120, 'Huyện Mường La', '21.495112-104.053676', 'Huyện', 9, '2021-04-03 13:53:22', '2021-04-03 13:53:22'),
(121, 'Huyện Bắc Yên', '21.2765545-104.4257533', 'Huyện', 9, '2021-04-03 13:53:22', '2021-04-03 13:53:22'),
(122, 'Huyện Phù Yên', '21.2623608-104.6441102', 'Huyện', 9, '2021-04-03 13:53:22', '2021-04-03 13:53:22'),
(123, 'Huyện Mộc Châu', '20.9220823-104.7520939', 'Huyện', 9, '2021-04-03 13:53:22', '2021-04-03 13:53:22'),
(124, 'Huyện Yên Châu', '21.0050006-104.332644', 'Huyện', 9, '2021-04-03 13:53:22', '2021-04-03 13:53:22'),
(125, 'Huyện Mai Sơn', '21.1219095-104.053676', 'Huyện', 9, '2021-04-03 13:53:22', '2021-04-03 13:53:22'),
(126, 'Huyện Sông Mã', '21.0593251-103.682586', 'Huyện', 9, '2021-04-03 13:53:22', '2021-04-03 13:53:22'),
(127, 'Huyện Sốp Cộp', '20.8874516-103.4974258', 'Huyện', 9, '2021-04-03 13:53:22', '2021-04-03 13:53:22'),
(128, 'Huyện Vân Hồ', '20.7931051-104.7637619', 'Huyện', 9, '2021-04-03 13:53:22', '2021-04-03 13:53:22'),
(132, 'Thành phố Yên Bái', '21.7167689-104.8985878', 'Thành phố', 10, '2021-04-03 13:53:22', '2021-04-03 13:53:22'),
(133, 'Thị xã Nghĩa Lộ', '21.6018769-104.5062651', 'Thị xã', 10, '2021-04-03 13:53:22', '2021-04-03 13:53:22'),
(135, 'Huyện Lục Yên', '22.0900049-104.705431', 'Huyện', 10, '2021-04-03 13:53:22', '2021-04-03 13:53:22'),
(136, 'Huyện Văn Yên', '21.8698428-104.5655273', 'Huyện', 10, '2021-04-03 13:53:22', '2021-04-03 13:53:22'),
(137, 'Huyện Mù Căng Chải', '21.7670046-104.1466046', 'Huyện', 10, '2021-04-03 13:53:22', '2021-04-03 13:53:22'),
(138, 'Huyện Trấn Yên', '21.6160083-104.798771', 'Huyện', 10, '2021-04-03 13:53:22', '2021-04-03 13:53:22'),
(139, 'Huyện Trạm Tấu', '21.4629385-104.4257533', 'Huyện', 10, '2021-04-03 13:53:22', '2021-04-03 13:53:22'),
(140, 'Huyện Văn Chấn', '21.4298431-104.798771', 'Huyện', 10, '2021-04-03 13:53:22', '2021-04-03 13:53:22'),
(141, 'Huyện Yên Bình', '21.7850519-104.9856176', 'Huyện', 10, '2021-04-03 13:53:22', '2021-04-03 13:53:22'),
(148, 'Thành phố Hòa Bình', '20.828578-105.3380302', 'Thành phố', 11, '2021-04-03 13:53:22', '2021-04-03 13:53:22'),
(150, 'Huyện Đà Bắc', '20.8381545-105.1726816', 'Huyện', 11, '2021-04-03 13:53:22', '2021-04-03 13:53:22'),
(151, 'Huyện Kỳ Sơn', '20.9030231-105.3932378', 'Huyện', 11, '2021-04-03 13:53:22', '2021-04-03 13:53:22'),
(152, 'Huyện Lương Sơn', '20.871913-105.5040269', 'Huyện', 11, '2021-04-03 13:53:22', '2021-04-03 13:53:22'),
(153, 'Huyện Kim Bôi', '20.6901132-105.5239912', 'Huyện', 11, '2021-04-03 13:53:22', '2021-04-03 13:53:22'),
(154, 'Huyện Cao Phong', '20.7072205-105.336536', 'Huyện', 11, '2021-04-03 13:53:22', '2021-04-03 13:53:22'),
(155, 'Huyện Tân Lạc', '20.6228033-105.2428853', 'Huyện', 11, '2021-04-03 13:53:22', '2021-04-03 13:53:22'),
(156, 'Huyện Mai Châu', '20.6901339-105.0089888', 'Huyện', 11, '2021-04-03 13:53:22', '2021-04-03 13:53:22'),
(157, 'Huyện Lạc Sơn', '20.4413353-105.4536718', 'Huyện', 11, '2021-04-03 13:53:22', '2021-04-03 13:53:22'),
(158, 'Huyện Yên Thủy', '20.4032247-105.6177942', 'Huyện', 11, '2021-04-03 13:53:22', '2021-04-03 13:53:22'),
(159, 'Huyện Lạc Thủy', '20.5136724-105.7333455', 'Huyện', 11, '2021-04-03 13:53:22', '2021-04-03 13:53:22'),
(164, 'Thành phố Thái Nguyên', '21.5671559-105.8252038', 'Thành phố', 12, '2021-04-03 13:53:22', '2021-04-03 13:53:22'),
(165, 'Thành phố Sông Công', '21.4757637-105.8234766', 'Thành phố', 12, '2021-04-03 13:53:22', '2021-04-03 13:53:22'),
(167, 'Huyện Định Hóa', '21.8879551-105.6177942', 'Huyện', 12, '2021-04-03 13:53:22', '2021-04-03 13:53:22'),
(168, 'Huyện Phú Lương', '21.786057-105.7116464', 'Huyện', 12, '2021-04-03 13:53:22', '2021-04-03 13:53:22'),
(169, 'Huyện Đồng Hỷ', '21.6286393-105.8994956', 'Huyện', 12, '2021-04-03 13:53:22', '2021-04-03 13:53:22'),
(170, 'Huyện Võ Nhai', '21.7793409-106.0169971', 'Huyện', 12, '2021-04-03 13:53:22', '2021-04-03 13:53:22'),
(171, 'Huyện Đại Từ', '21.6304358-105.6412527', 'Huyện', 12, '2021-04-03 13:53:22', '2021-04-03 13:53:22'),
(172, 'Thị xã Phổ Yên', '21.415762-105.872995', 'Thị xã', 12, '2021-04-03 13:53:22', '2021-04-03 13:53:22'),
(173, 'Huyện Phú Bình', '21.4849768-105.9464874', 'Huyện', 12, '2021-04-03 13:53:22', '2021-04-03 13:53:22'),
(178, 'Thành phố Lạng Sơn', '21.853708-106.761519', 'Thành phố', 13, '2021-04-03 13:53:22', '2021-04-03 13:53:22'),
(180, 'Huyện Tràng Định', '22.2872995-106.4877072', 'Huyện', 13, '2021-04-03 13:53:22', '2021-04-03 13:53:22'),
(181, 'Huyện Bình Gia', '22.0639906-106.3340858', 'Huyện', 13, '2021-04-03 13:53:22', '2021-04-03 13:53:22'),
(182, 'Huyện Văn Lãng', '22.0924829-106.5819789', 'Huyện', 13, '2021-04-03 13:53:22', '2021-04-03 13:53:22'),
(183, 'Huyện Cao Lộc', '21.9036302-106.8414374', 'Huyện', 13, '2021-04-03 13:53:22', '2021-04-03 13:53:22'),
(184, 'Huyện Văn Quan', '21.8453587-106.5112712', 'Huyện', 13, '2021-04-03 13:53:22', '2021-04-03 13:53:22'),
(185, 'Huyện Bắc Sơn', '21.8437729-106.2992912', 'Huyện', 13, '2021-04-03 13:53:22', '2021-04-03 13:53:22'),
(186, 'Huyện Hữu Lũng', '21.5659824-106.2992912', 'Huyện', 13, '2021-04-03 13:53:22', '2021-04-03 13:53:22'),
(187, 'Huyện Chi Lăng', '21.6506944-106.6055534', 'Huyện', 13, '2021-04-03 13:53:22', '2021-04-03 13:53:22'),
(188, 'Huyện Lộc Bình', '21.7757592-106.9594723', 'Huyện', 13, '2021-04-03 13:53:22', '2021-04-03 13:53:22'),
(189, 'Huyện Đình Lập', '21.5711978-107.1484521', 'Huyện', 13, '2021-04-03 13:53:22', '2021-04-03 13:53:22'),
(193, 'Thành phố Hạ Long', '20.9711977-107.0448069', 'Thành phố', 14, '2021-04-03 13:53:22', '2021-04-03 13:53:22'),
(194, 'Thành phố Móng Cái', '21.5419456-107.8794943', 'Thành phố', 14, '2021-04-03 13:53:22', '2021-04-03 13:53:22'),
(195, 'Thành phố Cẩm Phả', '21.0694762-107.3139304', 'Thành phố', 14, '2021-04-03 13:53:22', '2021-04-03 13:53:22'),
(196, 'Thành phố Uông Bí', '21.081585-106.7470536', 'Thành phố', 14, '2021-04-03 13:53:22', '2021-04-03 13:53:22'),
(198, 'Huyện Bình Liêu', '21.5410162-107.4321959', 'Huyện', 14, '2021-04-03 13:53:22', '2021-04-03 13:53:22'),
(199, 'Huyện Tiên Yên', '21.3666878-107.3375791', 'Huyện', 14, '2021-04-03 13:53:22', '2021-04-03 13:53:22'),
(200, 'Huyện Đầm Hà', '21.3619435-107.5978577', 'Huyện', 14, '2021-04-03 13:53:22', '2021-04-03 13:53:22'),
(201, 'Huyện Hải Hà', '21.4182232-107.71625', 'Huyện', 14, '2021-04-03 13:53:22', '2021-04-03 13:53:22'),
(202, 'Huyện Ba Chẽ', '21.294325-107.1484521', 'Huyện', 14, '2021-04-03 13:53:22', '2021-04-03 13:53:22'),
(203, 'Huyện Vân Đồn', '21.0693983-107.4202262', 'Huyện', 14, '2021-04-03 13:53:22', '2021-04-03 13:53:22'),
(204, 'Huyện Hoành Bồ', '21.0551849-107.0405167', 'Huyện', 14, '2021-04-03 13:53:22', '2021-04-03 13:53:22'),
(205, 'Thị xã Đông Triều', '21.0958153-106.6055534', 'Thị xã', 14, '2021-04-03 13:53:22', '2021-04-03 13:53:22'),
(206, 'Thị xã Quảng Yên', '20.9334638-106.8414374', 'Thị xã', 14, '2021-04-03 13:53:22', '2021-04-03 13:53:22'),
(207, 'Huyện Cô Tô', '21.1062206-107.8346924', 'Huyện', 14, '2021-04-03 13:53:22', '2021-04-03 13:53:22'),
(213, 'Thành phố Bắc Giang', '21.2909028-106.1867027', 'Thành phố', 15, '2021-04-03 13:53:22', '2021-04-03 13:53:22'),
(215, 'Huyện Yên Thế', '21.5128774-106.1345705', 'Huyện', 15, '2021-04-03 13:53:22', '2021-04-03 13:53:22'),
(216, 'Huyện Tân Yên', '21.3785203-106.0875326', 'Huyện', 15, '2021-04-03 13:53:22', '2021-04-03 13:53:22'),
(217, 'Huyện Lạng Giang', '21.3646422-106.22868', 'Huyện', 15, '2021-04-03 13:53:22', '2021-04-03 13:53:22'),
(218, 'Huyện Lục Nam', '21.2996631-106.4170311', 'Huyện', 15, '2021-04-03 13:53:22', '2021-04-03 13:53:22'),
(219, 'Huyện Lục Ngạn', '21.4354043-106.676292', 'Huyện', 15, '2021-04-03 13:53:22', '2021-04-03 13:53:22'),
(220, 'Huyện Sơn Động', '21.3520004-106.8849897', 'Huyện', 15, '2021-04-03 13:53:22', '2021-04-03 13:53:22'),
(221, 'Huyện Yên Dũng', '21.2257315-106.22868', 'Huyện', 15, '2021-04-03 13:53:22', '2021-04-03 13:53:22'),
(222, 'Huyện Việt Yên', '21.2858633-106.0875326', 'Huyện', 15, '2021-04-03 13:53:22', '2021-04-03 13:53:22'),
(223, 'Huyện Hiệp Hòa', '21.3552222-105.9790377', 'Huyện', 15, '2021-04-03 13:53:22', '2021-04-03 13:53:22'),
(227, 'Thành phố Việt Trì', '21.3425399-105.3716684', 'Thành phố', 16, '2021-04-03 13:53:22', '2021-04-03 13:53:22'),
(228, 'Thị xã Phú Thọ', '21.4252786-105.2311827', 'Thị xã', 16, '2021-04-03 13:53:22', '2021-04-03 13:53:22'),
(230, 'Huyện Đoan Hùng', '21.6071636-105.1492869', 'Huyện', 16, '2021-04-03 13:53:22', '2021-04-03 13:53:22'),
(231, 'Huyện Hạ Hoà', '21.5735989-105.0089888', 'Huyện', 16, '2021-04-03 13:53:22', '2021-04-03 13:53:22'),
(232, 'Huyện Thanh Ba', '21.4677045-105.1492869', 'Huyện', 16, '2021-04-03 13:53:22', '2021-04-03 13:53:22'),
(233, 'Huyện Phù Ninh', '21.4753257-105.2844608', 'Huyện', 16, '2021-04-03 13:53:22', '2021-04-03 13:53:22'),
(234, 'Huyện Yên Lập', '21.3410625-105.0089888', 'Huyện', 16, '2021-04-03 13:53:22', '2021-04-03 13:53:22'),
(235, 'Huyện Cẩm Khê', '21.4298041-105.0557415', 'Huyện', 16, '2021-04-03 13:53:22', '2021-04-03 13:53:22'),
(236, 'Huyện Tam Nông', '21.2858685-105.2311827', 'Huyện', 16, '2021-04-03 13:53:22', '2021-04-03 13:53:22'),
(237, 'Huyện Lâm Thao', '21.3026143-105.3014109', 'Huyện', 16, '2021-04-03 13:53:22', '2021-04-03 13:53:22'),
(238, 'Huyện Thanh Sơn', '21.0240198-105.1726816', 'Huyện', 16, '2021-04-03 13:53:22', '2021-04-03 13:53:22'),
(239, 'Huyện Thanh Thuỷ', '21.1141818-105.2807163', 'Huyện', 16, '2021-04-03 13:53:22', '2021-04-03 13:53:22'),
(240, 'Huyện Tân Sơn', '21.1665519-104.9894851', 'Huyện', 16, '2021-04-03 13:53:22', '2021-04-03 13:53:22'),
(243, 'Thành phố Vĩnh Yên', '21.2973262-105.6060661', 'Thành phố', 17, '2021-04-03 13:53:22', '2021-04-03 13:53:22'),
(244, 'Thị xã Phúc Yên', '21.3325846-105.7233814', 'Thị xã', 17, '2021-04-03 13:53:22', '2021-04-03 13:53:22'),
(246, 'Huyện Lập Thạch', '21.4371499-105.4771084', 'Huyện', 17, '2021-04-03 13:53:22', '2021-04-03 13:53:22'),
(247, 'Huyện Tam Dương', '21.3713778-105.5591615', 'Huyện', 17, '2021-04-03 13:53:22', '2021-04-03 13:53:22'),
(248, 'Huyện Tam Đảo', '21.4747064-105.5708865', 'Huyện', 17, '2021-04-03 13:53:22', '2021-04-03 13:53:22'),
(249, 'Huyện Bình Xuyên', '21.313857-105.6764461', 'Huyện', 17, '2021-04-03 13:53:22', '2021-04-03 13:53:22'),
(250, 'Huyện Mê Linh', '21.1753431-105.7308045', 'Huyện', 17, '2021-04-03 13:53:22', '2021-04-03 13:53:22'),
(251, 'Huyện Yên Lạc', '21.1962199-105.5708865', 'Huyện', 17, '2021-04-03 13:53:22', '2021-04-03 13:53:22'),
(252, 'Huyện Vĩnh Tường', '21.2537742-105.4899167', 'Huyện', 17, '2021-04-03 13:53:22', '2021-04-03 13:53:22'),
(253, 'Huyện Sông Lô', '21.4564665-105.3950939', 'Huyện', 17, '2021-04-03 13:53:22', '2021-04-03 13:53:22'),
(256, 'Thành phố Bắc Ninh', '21.1766814-106.0621591', 'Thành phố', 18, '2021-04-03 13:53:22', '2021-04-03 13:53:22'),
(258, 'Huyện Yên Phong', '21.202957-105.9581624', 'Huyện', 18, '2021-04-03 13:53:22', '2021-04-03 13:53:22'),
(259, 'Huyện Quế Võ', '21.1377307-106.1816196', 'Huyện', 18, '2021-04-03 13:53:22', '2021-04-03 13:53:22'),
(260, 'Huyện Tiên Du', '21.1178311-106.0287512', 'Huyện', 18, '2021-04-03 13:53:22', '2021-04-03 13:53:22'),
(261, 'Thị xã Từ Sơn', '21.1196529-105.9623161', 'Thị xã', 18, '2021-04-03 13:53:22', '2021-04-03 13:53:22'),
(262, 'Huyện Thuận Thành', '21.0357781-106.0792574', 'Huyện', 18, '2021-04-03 13:53:22', '2021-04-03 13:53:22'),
(263, 'Huyện Gia Bình', '21.0764073-106.2169139', 'Huyện', 18, '2021-04-03 13:53:22', '2021-04-03 13:53:22'),
(264, 'Huyện Lương Tài', '21.0278149-106.2404468', 'Huyện', 18, '2021-04-03 13:53:22', '2021-04-03 13:53:22'),
(268, 'Quận Hà Đông', '20.955835-105.7563658', 'Quận', 1, '2021-04-03 13:53:22', '2021-04-03 13:53:22'),
(269, 'Thị xã Sơn Tây', '21.1032279-105.4969964', 'Thị xã', 1, '2021-04-03 13:53:22', '2021-04-03 13:53:22'),
(271, 'Huyện Ba Vì', '21.1992298-105.4232116', 'Huyện', 1, '2021-04-03 13:53:22', '2021-04-03 13:53:22'),
(272, 'Huyện Phúc Thọ', '21.1241396-105.5939066', 'Huyện', 1, '2021-04-03 13:53:22', '2021-04-03 13:53:22'),
(273, 'Huyện Đan Phượng', '21.084855-105.6690963', 'Huyện', 1, '2021-04-03 13:53:22', '2021-04-03 13:53:22'),
(274, 'Huyện Hoài Đức', '21.0243168-105.6988892', 'Huyện', 1, '2021-04-03 13:53:22', '2021-04-03 13:53:22'),
(275, 'Huyện Quốc Oai', '20.9924634-105.6404254', 'Huyện', 1, '2021-04-03 13:53:22', '2021-04-03 13:53:22'),
(276, 'Huyện Thạch Thất', '20.9905234-105.5251894', 'Huyện', 1, '2021-04-03 13:53:22', '2021-04-03 13:53:22'),
(277, 'Huyện Chương Mỹ', '20.8746466-105.6712465', 'Huyện', 1, '2021-04-03 13:53:22', '2021-04-03 13:53:22'),
(278, 'Huyện Thanh Oai', '20.8532165-105.7688513', 'Huyện', 1, '2021-04-03 13:53:22', '2021-04-03 13:53:22'),
(279, 'Huyện Thường Tín', '20.8055441-105.8838579', 'Huyện', 1, '2021-04-03 13:53:22', '2021-04-03 13:53:22'),
(280, 'Huyện Phú Xuyên', '20.7280728-105.9029374', 'Huyện', 1, '2021-04-03 13:53:22', '2021-04-03 13:53:22'),
(281, 'Huyện Ứng Hòa', '20.729614-105.7782061', 'Huyện', 1, '2021-04-03 13:53:22', '2021-04-03 13:53:22'),
(282, 'Huyện Mỹ Đức', '20.725768-105.7157513', 'Huyện', 1, '2021-04-03 13:53:22', '2021-04-03 13:53:22'),
(288, 'Thành phố Hải Dương', '20.9373413-106.3145542', 'Thành phố', 19, '2021-04-03 13:53:22', '2021-04-03 13:53:22'),
(290, 'Thị xã Chí Linh', '21.1608547-106.4170311', 'Thị xã', 19, '2021-04-03 13:53:22', '2021-04-03 13:53:22'),
(291, 'Huyện Nam Sách', '20.995464-106.3346061', 'Huyện', 19, '2021-04-03 13:53:22', '2021-04-03 13:53:22'),
(292, 'Huyện Kinh Môn', '21.0110318-106.5273651', 'Huyện', 19, '2021-04-03 13:53:22', '2021-04-03 13:53:22'),
(293, 'Huyện Kim Thành', '20.8984531-106.5141873', 'Huyện', 19, '2021-04-03 13:53:22', '2021-04-03 13:53:22'),
(294, 'Huyện Thanh Hà', '20.908358-106.4276087', 'Huyện', 19, '2021-04-03 13:53:22', '2021-04-03 13:53:22'),
(295, 'Huyện Cẩm Giàng', '20.9479485-106.22868', 'Huyện', 19, '2021-04-03 13:53:22', '2021-04-03 13:53:22'),
(296, 'Huyện Bình Giang', '20.870356-106.1933837', 'Huyện', 19, '2021-04-03 13:53:22', '2021-04-03 13:53:22'),
(297, 'Huyện Gia Lộc', '20.8612295-106.287521', 'Huyện', 19, '2021-04-03 13:53:22', '2021-04-03 13:53:22'),
(298, 'Huyện Tứ Kỳ', '20.8168182-106.4112446', 'Huyện', 19, '2021-04-03 13:53:22', '2021-04-03 13:53:22'),
(299, 'Huyện Ninh Giang', '20.7491091-106.3699271', 'Huyện', 19, '2021-04-03 13:53:22', '2021-04-03 13:53:22'),
(300, 'Huyện Thanh Miện', '20.7821204-106.2203815', 'Huyện', 19, '2021-04-03 13:53:22', '2021-04-03 13:53:22'),
(303, 'Quận Hồng Bàng', '20.8595313-106.666993', 'Quận', 20, '2021-04-03 13:53:22', '2021-04-03 13:53:22'),
(304, 'Quận Ngô Quyền', '20.8566653-106.6994903', 'Quận', 20, '2021-04-03 13:53:22', '2021-04-03 13:53:22'),
(305, 'Quận Lê Chân', '20.8345046-106.6831336', 'Quận', 20, '2021-04-03 13:53:22', '2021-04-03 13:53:22'),
(306, 'Quận Hải An', '20.8449115-106.6880841', 'Quận', 20, '2021-04-03 13:53:22', '2021-04-03 13:53:22'),
(307, 'Quận Kiến An', '20.8013772-106.6263194', 'Quận', 20, '2021-04-03 13:53:22', '2021-04-03 13:53:22'),
(308, 'Quận Đồ Sơn', '20.7247533-106.7742534', 'Quận', 20, '2021-04-03 13:53:22', '2021-04-03 13:53:22'),
(309, 'Quận Dương Kinh', '20.7733918-106.7213703', 'Quận', 20, '2021-04-03 13:53:22', '2021-04-03 13:53:22'),
(311, 'Huyện Thuỷ Nguyên', '20.9451331-106.6715543', 'Huyện', 20, '2021-04-03 13:53:22', '2021-04-03 13:53:22'),
(312, 'Huyện An Dương', '20.8449115-106.6880841', 'Huyện', 20, '2021-04-03 13:53:22', '2021-04-03 13:53:22'),
(313, 'Huyện An Lão', '20.8214217-106.5565478', 'Huyện', 20, '2021-04-03 13:53:22', '2021-04-03 13:53:22'),
(314, 'Huyện Kiến Thuỵ', '20.7515698-106.6701329', 'Huyện', 20, '2021-04-03 13:53:22', '2021-04-03 13:53:22'),
(315, 'Huyện Tiên Lãng', '20.72404-106.5535966', 'Huyện', 20, '2021-04-03 13:53:22', '2021-04-03 13:53:22'),
(316, 'Huyện Vĩnh Bảo', '20.688914-106.4814255', 'Huyện', 20, '2021-04-03 13:53:22', '2021-04-03 13:53:22'),
(317, 'Huyện Cát Hải', '20.8041045-106.9302268', 'Huyện', 20, '2021-04-03 13:53:22', '2021-04-03 13:53:22'),
(318, 'Huyện Bạch Long Vĩ', '20.1345592-107.7302087', 'Huyện', 20, '2021-04-03 13:53:22', '2021-04-03 13:53:22'),
(323, 'Thành phố Hưng Yên', '20.6523683-106.0522616', 'Thành phố', 21, '2021-04-03 13:53:22', '2021-04-03 13:53:22'),
(325, 'Huyện Văn Lâm', '20.9854595-106.0463746', 'Huyện', 21, '2021-04-03 13:53:22', '2021-04-03 13:53:22'),
(326, 'Huyện Văn Giang', '20.9414842-105.9569025', 'Huyện', 21, '2021-04-03 13:53:22', '2021-04-03 13:53:22'),
(327, 'Huyện Yên Mỹ', '20.8861904-106.0287512', 'Huyện', 21, '2021-04-03 13:53:22', '2021-04-03 13:53:22'),
(328, 'Huyện Mỹ Hào', '20.9257379-106.099291', 'Huyện', 21, '2021-04-03 13:53:22', '2021-04-03 13:53:22'),
(329, 'Huyện Ân Thi', '20.8099609-106.099291', 'Huyện', 21, '2021-04-03 13:53:22', '2021-04-03 13:53:22'),
(330, 'Huyện Khoái Châu', '20.8415456-105.9804247', 'Huyện', 21, '2021-04-03 13:53:22', '2021-04-03 13:53:22'),
(331, 'Huyện Kim Động', '20.7325036-106.0563755', 'Huyện', 21, '2021-04-03 13:53:22', '2021-04-03 13:53:22'),
(332, 'Huyện Tiên Lữ', '20.6919516-106.1228099', 'Huyện', 21, '2021-04-03 13:53:22', '2021-04-03 13:53:22'),
(333, 'Huyện Phù Cừ', '20.7083369-106.1933837', 'Huyện', 21, '2021-04-03 13:53:22', '2021-04-03 13:53:22'),
(336, 'Thành phố Thái Bình', '20.4463471-106.3365828', 'Thành phố', 22, '2021-04-03 13:53:22', '2021-04-03 13:53:22'),
(338, 'Huyện Quỳnh Phụ', '20.6608254-106.3276864', 'Huyện', 22, '2021-04-03 13:53:22', '2021-04-03 13:53:22'),
(339, 'Huyện Hưng Hà', '20.5903748-106.2169139', 'Huyện', 22, '2021-04-03 13:53:22', '2021-04-03 13:53:22'),
(340, 'Huyện Đông Hưng', '20.5640924-106.3699271', 'Huyện', 22, '2021-04-03 13:53:22', '2021-04-03 13:53:22'),
(341, 'Huyện Thái Thụy', '20.5655791-106.5648803', 'Huyện', 22, '2021-04-03 13:53:22', '2021-04-03 13:53:22'),
(342, 'Huyện Tiền Hải', '20.3609414-106.5584071', 'Huyện', 22, '2021-04-03 13:53:22', '2021-04-03 13:53:22'),
(343, 'Huyện Kiến Xương', '20.4208256-106.4170311', 'Huyện', 22, '2021-04-03 13:53:22', '2021-04-03 13:53:22'),
(344, 'Huyện Vũ Thư', '20.4343787-106.2757514', 'Huyện', 22, '2021-04-03 13:53:22', '2021-04-03 13:53:22'),
(347, 'Thành phố Phủ Lý', '20.5476734-105.9347384', 'Thành phố', 23, '2021-04-03 13:53:22', '2021-04-03 13:53:22'),
(349, 'Huyện Duy Tiên', '20.626842-105.951554', 'Huyện', 23, '2021-04-03 13:53:22', '2021-04-03 13:53:22'),
(350, 'Huyện Kim Bảng', '20.5633623-105.8562473', 'Huyện', 23, '2021-04-03 13:53:22', '2021-04-03 13:53:22'),
(351, 'Huyện Thanh Liêm', '20.4699057-105.8994956', 'Huyện', 23, '2021-04-03 13:53:22', '2021-04-03 13:53:22'),
(352, 'Huyện Bình Lục', '20.5029885-106.040506', 'Huyện', 23, '2021-04-03 13:53:22', '2021-04-03 13:53:22'),
(353, 'Huyện Lý Nhân', '20.5553005-106.099291', 'Huyện', 23, '2021-04-03 13:53:22', '2021-04-03 13:53:22'),
(356, 'Thành phố Nam Định', '20.4388225-106.1621053', 'Thành phố', 24, '2021-04-03 13:53:22', '2021-04-03 13:53:22'),
(358, 'Huyện Mỹ Lộc', '20.4604906-106.1228099', 'Huyện', 24, '2021-04-03 13:53:22', '2021-04-03 13:53:22'),
(359, 'Huyện Vụ Bản', '20.370142-106.099291', 'Huyện', 24, '2021-04-03 13:53:22', '2021-04-03 13:53:22'),
(360, 'Huyện Ý Yên', '20.3684984-105.993491', 'Huyện', 24, '2021-04-03 13:53:22', '2021-04-03 13:53:22'),
(361, 'Huyện Nghĩa Hưng', '20.0732479-106.1816196', 'Huyện', 24, '2021-04-03 13:53:22', '2021-04-03 13:53:22'),
(362, 'Huyện Nam Trực', '20.3358927-106.2169139', 'Huyện', 24, '2021-04-03 13:53:22', '2021-04-03 13:53:22'),
(363, 'Huyện Trực Ninh', '20.243376-106.2169139', 'Huyện', 24, '2021-04-03 13:53:22', '2021-04-03 13:53:22'),
(364, 'Huyện Xuân Trường', '20.2993311-106.3581527', 'Huyện', 24, '2021-04-03 13:53:22', '2021-04-03 13:53:22'),
(365, 'Huyện Giao Thủy', '20.2314086-106.4641459', 'Huyện', 24, '2021-04-03 13:53:22', '2021-04-03 13:53:22'),
(366, 'Huyện Hải Hậu', '20.1568875-106.2757514', 'Huyện', 24, '2021-04-03 13:53:22', '2021-04-03 13:53:22'),
(369, 'Thành phố Ninh Bình', '20.2506149-105.9744536', 'Thành phố', 25, '2021-04-03 13:53:22', '2021-04-03 13:53:22'),
(370, 'Thành phố Tam Điệp', '20.1564917-105.8736936', 'Thành phố', 25, '2021-04-03 13:53:22', '2021-04-03 13:53:22'),
(372, 'Huyện Nho Quan', '20.2976274-105.7585908', 'Huyện', 25, '2021-04-03 13:53:22', '2021-04-03 13:53:22'),
(373, 'Huyện Gia Viễn', '20.3353002-105.8525154', 'Huyện', 25, '2021-04-03 13:53:22', '2021-04-03 13:53:22'),
(374, 'Huyện Hoa Lư', '20.248813-105.9112424', 'Huyện', 25, '2021-04-03 13:53:22', '2021-04-03 13:53:22'),
(375, 'Huyện Yên Khánh', '20.187228-106.0757749', 'Huyện', 25, '2021-04-03 13:53:22', '2021-04-03 13:53:22'),
(376, 'Huyện Kim Sơn', '20.0462334-106.099291', 'Huyện', 25, '2021-04-03 13:53:22', '2021-04-03 13:53:22'),
(377, 'Huyện Yên Mô', '20.1370289-105.993491', 'Huyện', 25, '2021-04-03 13:53:22', '2021-04-03 13:53:22'),
(380, 'Thành phố Thanh Hóa', '19.806692-105.7851816', 'Thành phố', 26, '2021-04-03 13:53:22', '2021-04-03 13:53:22'),
(381, 'Thị xã Bỉm Sơn', '20.0889153-105.8877494', 'Thị xã', 26, '2021-04-03 13:53:22', '2021-04-03 13:53:22'),
(382, 'Thành phố Sầm Sơn', '19.7575271-105.9053689', 'Thành phố', 26, '2021-04-03 13:53:22', '2021-04-03 13:53:22'),
(384, 'Huyện Mường Lát', '20.4941326-104.5888356', 'Huyện', 26, '2021-04-03 13:53:22', '2021-04-03 13:53:22'),
(385, 'Huyện Quan Hóa', '20.4830433-104.9856176', 'Huyện', 26, '2021-04-03 13:53:22', '2021-04-03 13:53:22'),
(386, 'Huyện Bá Thước', '20.3653356-105.2662931', 'Huyện', 26, '2021-04-03 13:53:22', '2021-04-03 13:53:22'),
(387, 'Huyện Quan Sơn', '14.058324-108.277199', 'Huyện', 26, '2021-04-03 13:53:22', '2021-04-03 13:53:22'),
(388, 'Huyện Lang Chánh', '20.166759-105.1492869', 'Huyện', 26, '2021-04-03 13:53:22', '2021-04-03 13:53:22'),
(389, 'Huyện Ngọc Lặc', '20.0785891-105.3599568', 'Huyện', 26, '2021-04-03 13:53:22', '2021-04-03 13:53:22'),
(390, 'Huyện Cẩm Thủy', '20.184101-105.4771084', 'Huyện', 26, '2021-04-03 13:53:22', '2021-04-03 13:53:22'),
(391, 'Huyện Thạch Thành', '20.2177814-105.6177942', 'Huyện', 26, '2021-04-03 13:53:22', '2021-04-03 13:53:22'),
(392, 'Huyện Hà Trung', '20.0617086-105.8055471', 'Huyện', 26, '2021-04-03 13:53:22', '2021-04-03 13:53:22'),
(393, 'Huyện Vĩnh Lộc', '20.0408049-105.652983', 'Huyện', 26, '2021-04-03 13:53:22', '2021-04-03 13:53:22'),
(394, 'Huyện Yên Định', '19.9860515-105.6177942', 'Huyện', 26, '2021-04-03 13:53:22', '2021-04-03 13:53:22'),
(395, 'Huyện Thọ Xuân', '19.9059121-105.4771084', 'Huyện', 26, '2021-04-03 13:53:22', '2021-04-03 13:53:22'),
(396, 'Huyện Thường Xuân', '19.9012787-105.2662931', 'Huyện', 26, '2021-04-03 13:53:22', '2021-04-03 13:53:22'),
(397, 'Huyện Triệu Sơn', '19.8512387-105.5708865', 'Huyện', 26, '2021-04-03 13:53:22', '2021-04-03 13:53:22'),
(398, 'Huyện Thiệu Hóa', '19.889182-105.6647142', 'Huyện', 26, '2021-04-03 13:53:22', '2021-04-03 13:53:22'),
(399, 'Huyện Hoằng Hóa', '19.8216851-105.8994956', 'Huyện', 26, '2021-04-03 13:53:22', '2021-04-03 13:53:22'),
(400, 'Huyện Hậu Lộc', '19.9268879-105.8877494', 'Huyện', 26, '2021-04-03 13:53:22', '2021-04-03 13:53:22'),
(401, 'Huyện Nga Sơn', '19.9981878-105.993491', 'Huyện', 26, '2021-04-03 13:53:22', '2021-04-03 13:53:22'),
(402, 'Huyện Như Xuân', '19.6149135-105.3599568', 'Huyện', 26, '2021-04-03 13:53:22', '2021-04-03 13:53:22'),
(403, 'Huyện Như Thanh', '19.5733122-105.5708865', 'Huyện', 26, '2021-04-03 13:53:22', '2021-04-03 13:53:22'),
(404, 'Huyện Nông Cống', '19.6113284-105.6647142', 'Huyện', 26, '2021-04-03 13:53:22', '2021-04-03 13:53:22'),
(405, 'Huyện Đông Sơn', '19.8049755-105.6999122', 'Huyện', 26, '2021-04-03 13:53:22', '2021-04-03 13:53:22'),
(406, 'Huyện Quảng Xương', '19.6913377-105.8055471', 'Huyện', 26, '2021-04-03 13:53:22', '2021-04-03 13:53:22'),
(407, 'Huyện Tĩnh Gia', '19.43838-105.7745131', 'Huyện', 26, '2021-04-03 13:53:22', '2021-04-03 13:53:22'),
(412, 'Thành phố Vinh', '18.6795848-105.6813333', 'Thành phố', 27, '2021-04-03 13:53:22', '2021-04-03 13:53:22'),
(413, 'Thị xã Cửa Lò', '18.7916127-105.7175138', 'Thị xã', 27, '2021-04-03 13:53:22', '2021-04-03 13:53:22'),
(414, 'Thị xã Thái Hoà', '19.2931124-105.4653897', 'Thị xã', 27, '2021-04-03 13:53:22', '2021-04-03 13:53:22'),
(415, 'Huyện Quế Phong', '19.6862686-104.9563176', 'Huyện', 27, '2021-04-03 13:53:22', '2021-04-03 13:53:22'),
(416, 'Huyện Quỳ Châu', '19.5463056-105.0791228', 'Huyện', 27, '2021-04-03 13:53:22', '2021-04-03 13:53:22'),
(417, 'Huyện Kỳ Sơn', '19.38547-104.1827912', 'Huyện', 27, '2021-04-03 13:53:22', '2021-04-03 13:53:22'),
(418, 'Huyện Tương Dương', '19.2640131-104.5655273', 'Huyện', 27, '2021-04-03 13:53:22', '2021-04-03 13:53:22'),
(419, 'Huyện Nghĩa Đàn', '19.4003352-105.4302383', 'Huyện', 27, '2021-04-03 13:53:22', '2021-04-03 13:53:22'),
(420, 'Huyện Quỳ Hợp', '19.3528917-105.1726816', 'Huyện', 27, '2021-04-03 13:53:22', '2021-04-03 13:53:22'),
(421, 'Huyện Quỳnh Lưu', '19.2200256-105.6412527', 'Huyện', 27, '2021-04-03 13:53:22', '2021-04-03 13:53:22'),
(422, 'Huyện Con Cuông', '19.0130593-104.798771', 'Huyện', 27, '2021-04-03 13:53:22', '2021-04-03 13:53:22'),
(423, 'Huyện Tân Kỳ', '19.0748796-105.1726816', 'Huyện', 27, '2021-04-03 13:53:22', '2021-04-03 13:53:22'),
(424, 'Huyện Anh Sơn', '18.9688054-105.0557415', 'Huyện', 27, '2021-04-03 13:53:22', '2021-04-03 13:53:22'),
(425, 'Huyện Diễn Châu', '19.0179688-105.5708865', 'Huyện', 27, '2021-04-03 13:53:22', '2021-04-03 13:53:22'),
(426, 'Huyện Yên Thành', '19.0511285-105.4536718', 'Huyện', 27, '2021-04-03 13:53:22', '2021-04-03 13:53:22'),
(427, 'Huyện Đô Lương', '18.8990982-105.336536', 'Huyện', 27, '2021-04-03 13:53:22', '2021-04-03 13:53:22'),
(428, 'Huyện Thanh Chương', '18.6967739-105.2662931', 'Huyện', 27, '2021-04-03 13:53:22', '2021-04-03 13:53:22'),
(429, 'Huyện Nghi Lộc', '18.8142042-105.5835663', 'Huyện', 27, '2021-04-03 13:53:22', '2021-04-03 13:53:22'),
(430, 'Huyện Nam Đàn', '18.6983445-105.5239912', 'Huyện', 27, '2021-04-03 13:53:22', '2021-04-03 13:53:22'),
(431, 'Huyện Hưng Nguyên', '18.6316742-105.629523', 'Huyện', 27, '2021-04-03 13:53:22', '2021-04-03 13:53:22'),
(432, 'Thị xã Hoàng Mai', '19.2370094-105.7116464', 'Thị xã', 27, '2021-04-03 13:53:22', '2021-04-03 13:53:22'),
(436, 'Thành phố Hà Tĩnh', '18.3559537-105.8877494', 'Thành phố', 28, '2021-04-03 13:53:22', '2021-04-03 13:53:22'),
(437, 'Thị xã Hồng Lĩnh', '18.5301567-105.7064569', 'Thị xã', 28, '2021-04-03 13:53:22', '2021-04-03 13:53:22'),
(439, 'Huyện Hương Sơn', '18.5118006-105.2662931', 'Huyện', 28, '2021-04-03 13:53:22', '2021-04-03 13:53:22'),
(440, 'Huyện Đức Thọ', '18.5056718-105.6177942', 'Huyện', 28, '2021-04-03 13:53:22', '2021-04-03 13:53:22'),
(441, 'Huyện Vũ Quang', '18.3365936-105.4302383', 'Huyện', 28, '2021-04-03 13:53:22', '2021-04-03 13:53:22'),
(442, 'Huyện Nghi Xuân', '18.6282217-105.8055471', 'Huyện', 28, '2021-04-03 13:53:22', '2021-04-03 13:53:22'),
(443, 'Huyện Can Lộc', '18.4516009-105.7116464', 'Huyện', 28, '2021-04-03 13:53:22', '2021-04-03 13:53:22'),
(444, 'Huyện Hương Khê', '18.2037562-105.6412527', 'Huyện', 28, '2021-04-03 13:53:22', '2021-04-03 13:53:22'),
(445, 'Huyện Thạch Hà', '18.301316-105.8525154', 'Huyện', 28, '2021-04-03 13:53:22', '2021-04-03 13:53:22'),
(446, 'Huyện Cẩm Xuyên', '18.1721653-106.0169971', 'Huyện', 28, '2021-04-03 13:53:22', '2021-04-03 13:53:22'),
(447, 'Huyện Kỳ Anh', '18.0559583-106.2992912', 'Huyện', 28, '2021-04-03 13:53:22', '2021-04-03 13:53:22'),
(448, 'Huyện Lộc Hà', '18.4817584-105.8994956', 'Huyện', 28, '2021-04-03 13:53:22', '2021-04-03 13:53:22'),
(449, 'Thị xã Kỳ Anh', '18.0648343-106.2963486', 'Thị xã', 28, '2021-04-03 13:53:22', '2021-04-03 13:53:22'),
(450, 'Thành Phố Đồng Hới', '17.4659391-106.5983958', 'Thành phố', 29, '2021-04-03 13:53:22', '2021-04-03 13:53:22'),
(452, 'Huyện Minh Hóa', '17.719816-105.92299', 'Huyện', 29, '2021-04-03 13:53:22', '2021-04-03 13:53:22'),
(453, 'Huyện Tuyên Hóa', '17.9319039-105.9722814', 'Huyện', 29, '2021-04-03 13:53:22', '2021-04-03 13:53:22'),
(454, 'Huyện Quảng Trạch', '17.8640126-106.3934777', 'Thị xã', 29, '2021-04-03 13:53:22', '2021-04-03 13:53:22'),
(455, 'Huyện Bố Trạch', '17.5047078-106.2992912', 'Huyện', 29, '2021-04-03 13:53:22', '2021-04-03 13:53:22'),
(456, 'Huyện Quảng Ninh', '17.2394584-106.4616246', 'Huyện', 29, '2021-04-03 13:53:22', '2021-04-03 13:53:22'),
(457, 'Huyện Lệ Thủy', '17.1064913-106.676292', 'Huyện', 29, '2021-04-03 13:53:22', '2021-04-03 13:53:22'),
(458, 'Thị xã Ba Đồn', '17.7530355-106.4235285', 'Huyện', 29, '2021-04-03 13:53:22', '2021-04-03 13:53:22'),
(461, 'Thành phố Đông Hà', '16.8088928-107.0893798', 'Thành phố', 30, '2021-04-03 13:53:22', '2021-04-03 13:53:22'),
(462, 'Thị xã Quảng Trị', '16.750563-107.1857063', 'Thị xã', 30, '2021-04-03 13:53:22', '2021-04-03 13:53:22'),
(464, 'Huyện Vĩnh Linh', '17.0743311-107.0539434', 'Huyện', 30, '2021-04-03 13:53:22', '2021-04-03 13:53:22'),
(465, 'Huyện Hướng Hóa', '16.6495512-106.676292', 'Huyện', 30, '2021-04-03 13:53:22', '2021-04-03 13:53:22'),
(466, 'Huyện Gio Linh', '16.9165711-107.0303221', 'Huyện', 30, '2021-04-03 13:53:22', '2021-04-03 13:53:22'),
(467, 'Huyện Đa Krông', '16.5349165-106.9594723', 'Huyện', 30, '2021-04-03 13:53:22', '2021-04-03 13:53:22'),
(468, 'Huyện Cam Lộ', '16.783695-106.9830865', 'Huyện', 30, '2021-04-03 13:53:22', '2021-04-03 13:53:22'),
(469, 'Huyện Triệu Phong', '16.809184-107.2193578', 'Huyện', 30, '2021-04-03 13:53:22', '2021-04-03 13:53:22'),
(470, 'Huyện Hải Lăng', '16.714002-107.2666396', 'Huyện', 30, '2021-04-03 13:53:22', '2021-04-03 13:53:22'),
(471, 'Huyện Cồn Cỏ', '17.1606501-107.3405354', 'Huyện', 30, '2021-04-03 13:53:22', '2021-04-03 13:53:22'),
(474, 'Thành phố Huế', '16.4498-107.5623501', 'Thành phố', 31, '2021-04-03 13:53:22', '2021-04-03 13:53:22'),
(476, 'Huyện Phong Điền', '16.503112-107.3375791', 'Huyện', 31, '2021-04-03 13:53:22', '2021-04-03 13:53:22'),
(477, 'Huyện Quảng Điền', '16.5902415-107.5150139', 'Huyện', 31, '2021-04-03 13:53:22', '2021-04-03 13:53:22'),
(478, 'Huyện Phú Vang', '16.491213-107.7399345', 'Huyện', 31, '2021-04-03 13:53:22', '2021-04-03 13:53:22'),
(479, 'Thị xã Hương Thủy', '16.4198395-107.6464295', 'Thị xã', 31, '2021-04-03 13:53:22', '2021-04-03 13:53:22'),
(480, 'Thị xã Hương Trà', '16.420796-107.5031811', 'Thị xã', 31, '2021-04-03 13:53:22', '2021-04-03 13:53:22'),
(481, 'Huyện A Lưới', '16.2303741-107.3375791', 'Huyện', 31, '2021-04-03 13:53:22', '2021-04-03 13:53:22'),
(482, 'Huyện Phú Lộc', '16.2725431-107.9394761', 'Huyện', 31, '2021-04-03 13:53:22', '2021-04-03 13:53:22'),
(483, 'Huyện Nam Đông', '16.1249688-107.6707417', 'Huyện', 31, '2021-04-03 13:53:22', '2021-04-03 13:53:22'),
(490, 'Quận Liên Chiểu', '16.0717704-108.1503823', 'Quận', 32, '2021-04-03 13:53:22', '2021-04-03 13:53:22'),
(491, 'Quận Thanh Khê', '16.0641802-108.1873407', 'Quận', 32, '2021-04-03 13:53:22', '2021-04-03 13:53:22'),
(492, 'Quận Hải Châu', '16.0472002-108.2199588', 'Quận', 32, '2021-04-03 13:53:22', '2021-04-03 13:53:22'),
(493, 'Quận Sơn Trà', '16.1069981-108.2521815', 'Quận', 32, '2021-04-03 13:53:22', '2021-04-03 13:53:22'),
(494, 'Quận Ngũ Hành Sơn', '15.9955056-108.2588049', 'Quận', 32, '2021-04-03 13:53:22', '2021-04-03 13:53:22'),
(495, 'Quận Cẩm Lệ', '16.0153669-108.1962362', 'Quận', 32, '2021-04-03 13:53:22', '2021-04-03 13:53:22'),
(497, 'Huyện Hòa Vang', '15.999988-108.1457994', 'Huyện', 32, '2021-04-03 13:53:22', '2021-04-03 13:53:22'),
(498, 'Huyện Hoàng Sa', '16.064571-108.222148', 'Huyện', 32, '2021-04-03 13:53:22', '2021-04-03 13:53:22'),
(502, 'Thành phố Tam Kỳ', '15.5638825-108.4786313', 'Thành phố', 33, '2021-04-03 13:53:22', '2021-04-03 13:53:22'),
(503, 'Thành phố Hội An', '15.8800584-108.3380469', 'Thành phố', 33, '2021-04-03 13:53:22', '2021-04-03 13:53:22'),
(504, 'Huyện Tây Giang', '15.8852628-107.4890302', 'Huyện', 33, '2021-04-03 13:53:22', '2021-04-03 13:53:22'),
(505, 'Huyện Đông Giang', '15.9660249-107.7831632', 'Huyện', 33, '2021-04-03 13:53:22', '2021-04-03 13:53:22'),
(506, 'Huyện Đại Lộc', '15.8497875-108.0668661', 'Huyện', 33, '2021-04-03 13:53:22', '2021-04-03 13:53:22'),
(507, 'Thị xã Điện Bàn', '15.9072569-108.224595', 'Thị xã', 33, '2021-04-03 13:53:22', '2021-04-03 13:53:22'),
(508, 'Huyện Duy Xuyên', '15.77511-108.1665855', 'Huyện', 33, '2021-04-03 13:53:22', '2021-04-03 13:53:22'),
(509, 'Huyện Quế Sơn', '15.6848385-108.1665855', 'Huyện', 33, '2021-04-03 13:53:22', '2021-04-03 13:53:22'),
(510, 'Huyện Nam Giang', '15.6628546-107.6215321', 'Huyện', 33, '2021-04-03 13:53:22', '2021-04-03 13:53:22'),
(511, 'Huyện Phước Sơn', '15.3762517-107.811', 'Huyện', 33, '2021-04-03 13:53:22', '2021-04-03 13:53:22'),
(512, 'Huyện Hiệp Đức', '15.5590682-108.0805694', 'Huyện', 33, '2021-04-03 13:53:22', '2021-04-03 13:53:22'),
(513, 'Huyện Thăng Bình', '15.6890346-108.3801314', 'Huyện', 33, '2021-04-03 13:53:22', '2021-04-03 13:53:22'),
(514, 'Huyện Tiên Phước', '15.4964006-108.2614775', 'Huyện', 33, '2021-04-03 13:53:22', '2021-04-03 13:53:22'),
(515, 'Huyện Bắc Trà My', '15.3202715-108.214028', 'Huyện', 33, '2021-04-03 13:53:22', '2021-04-03 13:53:22'),
(516, 'Huyện Nam Trà My', '15.0826614-108.0954351', 'Huyện', 33, '2021-04-03 13:53:22', '2021-04-03 13:53:22'),
(517, 'Huyện Núi Thành', '15.4229422-108.5938124', 'Huyện', 33, '2021-04-03 13:53:22', '2021-04-03 13:53:22'),
(518, 'Huyện Phú Ninh', '15.5743256-108.4038672', 'Huyện', 33, '2021-04-03 13:53:22', '2021-04-03 13:53:22'),
(519, 'Huyện Nông Sơn', '15.6557978-107.9768875', 'Huyện', 33, '2021-04-03 13:53:22', '2021-04-03 13:53:22'),
(522, 'Thành phố Quảng Ngãi', '15.1213873-108.8044145', 'Thành phố', 34, '2021-04-03 13:53:22', '2021-04-03 13:53:22'),
(524, 'Huyện Bình Sơn', '15.3166491-108.7838572', 'Huyện', 34, '2021-04-03 13:53:22', '2021-04-03 13:53:22'),
(525, 'Huyện Trà Bồng', '15.2512645-108.4988269', 'Huyện', 34, '2021-04-03 13:53:22', '2021-04-03 13:53:22'),
(526, 'Huyện Tây Trà', '15.1734012-108.3563972', 'Huyện', 34, '2021-04-03 13:53:22', '2021-04-03 13:53:22'),
(527, 'Huyện Sơn Tịnh', '15.1860945-108.736337', 'Huyện', 34, '2021-04-03 13:53:22', '2021-04-03 13:53:22'),
(528, 'Huyện Tư Nghĩa', '15.1065785-108.7482165', 'Huyện', 34, '2021-04-03 13:53:22', '2021-04-03 13:53:22'),
(529, 'Huyện Sơn Hà', '15.0431944-108.5700636', 'Huyện', 34, '2021-04-03 13:53:22', '2021-04-03 13:53:22'),
(530, 'Huyện Sơn Tây', '14.9488528-108.3563972', 'Huyện', 34, '2021-04-03 13:53:22', '2021-04-03 13:53:22'),
(531, 'Huyện Minh Long', '14.9659262-108.6888227', 'Huyện', 34, '2021-04-03 13:53:22', '2021-04-03 13:53:22'),
(532, 'Huyện Nghĩa Hành', '15.0026852-108.7838572', 'Huyện', 34, '2021-04-03 13:53:22', '2021-04-03 13:53:22'),
(533, 'Huyện Mộ Đức', '14.9498041-108.878915', 'Huyện', 34, '2021-04-03 13:53:22', '2021-04-03 13:53:22'),
(534, 'Huyện Đức Phổ', '14.762796-108.9739954', 'Huyện', 34, '2021-04-03 13:53:22', '2021-04-03 13:53:22'),
(535, 'Huyện Ba Tơ', '14.7663789-108.6650678', 'Huyện', 34, '2021-04-03 13:53:22', '2021-04-03 13:53:22'),
(536, 'Huyện Lý Sơn', '15.383361-109.1107114', 'Huyện', 34, '2021-04-03 13:53:22', '2021-04-03 13:53:22'),
(540, 'Thành phố Qui Nhơn', '13.7829673-109.2196634', 'Thành phố', 35, '2021-04-03 13:53:22', '2021-04-03 13:53:22'),
(542, 'Huyện An Lão', '14.5717294-108.8551484', 'Huyện', 35, '2021-04-03 13:53:22', '2021-04-03 13:53:22'),
(543, 'Huyện Hoài Nhơn', '14.4666386-109.04532', 'Huyện', 35, '2021-04-03 13:53:22', '2021-04-03 13:53:22'),
(544, 'Huyện Hoài Ân', '14.3040385-108.8551484', 'Huyện', 35, '2021-04-03 13:53:22', '2021-04-03 13:53:22'),
(545, 'Huyện Phù Mỹ', '14.2157645-109.1166566', 'Huyện', 35, '2021-04-03 13:53:22', '2021-04-03 13:53:22'),
(546, 'Huyện Vĩnh Thạnh', '14.2468401-108.736337', 'Huyện', 35, '2021-04-03 13:53:22', '2021-04-03 13:53:22'),
(547, 'Huyện Tây Sơn', '13.9479428-108.8551484', 'Huyện', 35, '2021-04-03 13:53:22', '2021-04-03 13:53:22'),
(548, 'Huyện Phù Cát', '14.0134002-109.0547476', 'Huyện', 35, '2021-04-03 13:53:22', '2021-04-03 13:53:22'),
(549, 'Thị xã An Nhơn', '13.8641717-109.0690976', 'Thị xã', 35, '2021-04-03 13:53:22', '2021-04-03 13:53:22'),
(550, 'Huyện Tuy Phước', '13.8565034-109.1642208', 'Huyện', 35, '2021-04-03 13:53:22', '2021-04-03 13:53:22'),
(551, 'Huyện Vân Canh', '13.674033-108.9502232', 'Huyện', 35, '2021-04-03 13:53:22', '2021-04-03 13:53:22'),
(555, 'Thành phố Tuy Hoà', '13.1057062-109.295048', 'Thành phố', 36, '2021-04-03 13:53:22', '2021-04-03 13:53:22'),
(557, 'Thị xã Sông Cầu', '13.4744193-109.2355764', 'Thị xã', 36, '2021-04-03 13:53:22', '2021-04-03 13:53:22'),
(558, 'Huyện Đồng Xuân', '13.4083074-108.9502232', 'Huyện', 36, '2021-04-03 13:53:22', '2021-04-03 13:53:22'),
(559, 'Huyện Tuy An', '13.297735-109.2355764', 'Huyện', 36, '2021-04-03 13:53:22', '2021-04-03 13:53:22'),
(560, 'Huyện Sơn Hòa', '13.1431691-108.9502232', 'Huyện', 36, '2021-04-03 13:53:22', '2021-04-03 13:53:22'),
(561, 'Huyện Sông Hinh', '12.8786353-108.9502232', 'Huyện', 36, '2021-04-03 13:53:22', '2021-04-03 13:53:22'),
(562, 'Huyện Tây Hoà', '12.9285815-109.1642208', 'Huyện', 36, '2021-04-03 13:53:22', '2021-04-03 13:53:22'),
(563, 'Huyện Phú Hoà', '13.0606953-109.1642208', 'Huyện', 36, '2021-04-03 13:53:22', '2021-04-03 13:53:22'),
(564, 'Huyện Đông Hòa', '12.9580642-109.354527', 'Huyện', 36, '2021-04-03 13:53:22', '2021-04-03 13:53:22'),
(568, 'Thành phố Nha Trang', '12.2387911-109.1967488', 'Thành phố', 37, '2021-04-03 13:53:22', '2021-04-03 13:53:22'),
(569, 'Thành phố Cam Ranh', '11.9008657-109.140438', 'Thành phố', 37, '2021-04-03 13:53:22', '2021-04-03 13:53:22'),
(570, 'Huyện Cam Lâm', '12.07539-109.140438', 'Huyện', 37, '2021-04-03 13:53:22', '2021-04-03 13:53:22'),
(571, 'Huyện Vạn Ninh', '12.7243439-109.2626992', 'Huyện', 37, '2021-04-03 13:53:22', '2021-04-03 13:53:22'),
(572, 'Thị xã Ninh Hòa', '12.512997-109.140438', 'Thị xã', 37, '2021-04-03 13:53:22', '2021-04-03 13:53:22'),
(573, 'Huyện Khánh Vĩnh', '12.2705951-108.8551484', 'Huyện', 37, '2021-04-03 13:53:22', '2021-04-03 13:53:22'),
(574, 'Huyện Diên Khánh', '12.2570417-109.04532', 'Huyện', 37, '2021-04-03 13:53:22', '2021-04-03 13:53:22'),
(575, 'Huyện Khánh Sơn', '12.0249415-108.9264524', 'Huyện', 37, '2021-04-03 13:53:22', '2021-04-03 13:53:22'),
(576, 'Huyện Trường Sa', '11.9144477-109.1340369', 'Huyện', 37, '2021-04-03 13:53:22', '2021-04-03 13:53:22'),
(582, 'Thành phố Phan Rang-Tháp Chàm', '11.5825677-108.9912066', 'Thành phố', 38, '2021-04-03 13:53:22', '2021-04-03 13:53:22'),
(584, 'Huyện Bác Ái', '11.8334154-108.8551484', 'Huyện', 38, '2021-04-03 13:53:22', '2021-04-03 13:53:22'),
(585, 'Huyện Ninh Sơn', '11.6888699-108.736337', 'Huyện', 38, '2021-04-03 13:53:22', '2021-04-03 13:53:22'),
(586, 'Huyện Ninh Hải', '11.7032481-109.1642208', 'Huyện', 38, '2021-04-03 13:53:22', '2021-04-03 13:53:22'),
(587, 'Huyện Ninh Phước', '11.4850435-108.8551484', 'Huyện', 38, '2021-04-03 13:53:22', '2021-04-03 13:53:22'),
(588, 'Huyện Thuận Bắc', '11.7533327-109.0690976', 'Huyện', 38, '2021-04-03 13:53:22', '2021-04-03 13:53:22'),
(589, 'Huyện Thuận Nam', '11.5226322-108.9262696', 'Huyện', 38, '2021-04-03 13:53:22', '2021-04-03 13:53:22'),
(593, 'Thành phố Phan Thiết', '10.9804603-108.2614775', 'Thành phố', 39, '2021-04-03 13:53:22', '2021-04-03 13:53:22'),
(594, 'Thị xã La Gi', '10.71574-107.7991545', 'Thị xã', 39, '2021-04-03 13:53:22', '2021-04-03 13:53:22'),
(595, 'Huyện Tuy Phong', '11.3178827-108.6579603', 'Huyện', 39, '2021-04-03 13:53:22', '2021-04-03 13:53:22'),
(596, 'Huyện Bắc Bình', '11.2551834-108.3801314', 'Huyện', 39, '2021-04-03 13:53:22', '2021-04-03 13:53:22'),
(597, 'Huyện Hàm Thuận Bắc', '11.1116858-108.1319634', 'Huyện', 39, '2021-04-03 13:53:22', '2021-04-03 13:53:22'),
(598, 'Huyện Hàm Thuận Nam', '10.8502937-107.9057813', 'Huyện', 39, '2021-04-03 13:53:22', '2021-04-03 13:53:22'),
(599, 'Huyện Tánh Linh', '11.0980639-107.678501', 'Huyện', 39, '2021-04-03 13:53:22', '2021-04-03 13:53:22'),
(600, 'Huyện Đức Linh', '11.1977289-107.5505152', 'Huyện', 39, '2021-04-03 13:53:22', '2021-04-03 13:53:22'),
(601, 'Huyện Hàm Tân', '10.6935927-107.6215321', 'Huyện', 39, '2021-04-03 13:53:22', '2021-04-03 13:53:22'),
(602, 'Huyện Phú Quí', '10.5335281-108.9442804', 'Huyện', 39, '2021-04-03 13:53:22', '2021-04-03 13:53:22'),
(608, 'Thành phố Kon Tum', '14.3497403-108.0004606', 'Thành phố', 40, '2021-04-03 13:53:22', '2021-04-03 13:53:22'),
(610, 'Huyện Đắk Glei', '15.113472-107.71625', 'Huyện', 40, '2021-04-03 13:53:22', '2021-04-03 13:53:22'),
(611, 'Huyện Ngọc Hồi', '14.6710249-107.6215321', 'Huyện', 40, '2021-04-03 13:53:22', '2021-04-03 13:53:22'),
(612, 'Huyện Đắk Tô', '14.6562021-107.811', 'Huyện', 40, '2021-04-03 13:53:22', '2021-04-03 13:53:22'),
(613, 'Huyện Kon Plông', '14.7976892-108.2852049', 'Huyện', 40, '2021-04-03 13:53:22', '2021-04-03 13:53:22'),
(614, 'Huyện Kon Rẫy', '14.5607568-108.1665855', 'Huyện', 40, '2021-04-03 13:53:22', '2021-04-03 13:53:22'),
(615, 'Huyện Đắk Hà', '14.641214-108.0005933', 'Huyện', 40, '2021-04-03 13:53:22', '2021-04-03 13:53:22'),
(616, 'Huyện Sa Thầy', '14.4355779-107.763621', 'Huyện', 40, '2021-04-03 13:53:22', '2021-04-03 13:53:22'),
(617, 'Huyện Tu Mơ Rông', '14.9105786-108.0005933', 'Huyện', 40, '2021-04-03 13:53:22', '2021-04-03 13:53:22'),
(618, 'Huyện Ia H\' Drai', '14.0189165-107.4477032', 'Huyện', 40, '2021-04-03 13:53:22', '2021-04-03 13:53:22'),
(622, 'Thành phố Pleiku', '13.9718356-108.0150796', 'Thành phố', 41, '2021-04-03 13:53:22', '2021-04-03 13:53:22'),
(623, 'Thị xã An Khê', '14.0279256-108.6888227', 'Thị xã', 41, '2021-04-03 13:53:22', '2021-04-03 13:53:22'),
(624, 'Thị xã Ayun Pa', '13.3743393-108.3989809', 'Thị xã', 41, '2021-04-03 13:53:22', '2021-04-03 13:53:22'),
(625, 'Huyện KBang', '14.3348056-108.4750846', 'Huyện', 41, '2021-04-03 13:53:22', '2021-04-03 13:53:22'),
(626, 'Huyện Đăk Đoa', '14.1135412-108.1665855', 'Huyện', 41, '2021-04-03 13:53:22', '2021-04-03 13:53:22'),
(627, 'Huyện Chư Păh', '14.1765309-107.9294815', 'Huyện', 41, '2021-04-03 13:53:22', '2021-04-03 13:53:22'),
(628, 'Huyện Ia Grai', '13.9539099-107.6215321', 'Huyện', 41, '2021-04-03 13:53:22', '2021-04-03 13:53:22'),
(629, 'Huyện Mang Yang', '13.9928022-108.2852049', 'Huyện', 41, '2021-04-03 13:53:22', '2021-04-03 13:53:22');
INSERT INTO `district` (`id`, `name`, `location`, `type`, `idProvince`, `createdAt`, `updatedAt`) VALUES
(630, 'Huyện Kông Chro', '13.7037218-108.5700636', 'Huyện', 41, '2021-04-03 13:53:22', '2021-04-03 13:53:22'),
(631, 'Huyện Đức Cơ', '13.7752327-107.6215321', 'Huyện', 41, '2021-04-03 13:53:22', '2021-04-03 13:53:22'),
(632, 'Huyện Chư Prông', '13.541918-107.763621', 'Huyện', 41, '2021-04-03 13:53:22', '2021-04-03 13:53:22'),
(633, 'Huyện Chư Sê', '13.7399629-108.0954351', 'Huyện', 41, '2021-04-03 13:53:22', '2021-04-03 13:53:22'),
(634, 'Huyện Đăk Pơ', '13.946425-108.5938124', 'Huyện', 41, '2021-04-03 13:53:22', '2021-04-03 13:53:22'),
(635, 'Huyện Ia Pa', '13.5261514-108.5700636', 'Huyện', 41, '2021-04-03 13:53:22', '2021-04-03 13:53:22'),
(637, 'Huyện Krông Pa', '13.2160038-108.6726891', 'Huyện', 41, '2021-04-03 13:53:22', '2021-04-03 13:53:22'),
(638, 'Huyện Phú Thiện', '13.4589308-108.2852049', 'Huyện', 41, '2021-04-03 13:53:22', '2021-04-03 13:53:22'),
(639, 'Huyện Chư Pưh', '13.4730527-108.0954351', 'Huyện', 41, '2021-04-03 13:53:22', '2021-04-03 13:53:22'),
(643, 'Thành phố Buôn Ma Thuột', '12.6661944-108.0382475', 'Thành phố', 42, '2021-04-03 13:53:22', '2021-04-03 13:53:22'),
(644, 'Thị Xã Buôn Hồ', '12.8628297-108.2614775', 'Thị xã', 42, '2021-04-03 13:53:22', '2021-04-03 13:53:22'),
(645, 'Huyện Ea H\'leo', '13.1998141-108.1903059', 'Huyện', 42, '2021-04-03 13:53:22', '2021-04-03 13:53:22'),
(646, 'Huyện Ea Súp', '13.1862227-107.763621', 'Huyện', 42, '2021-04-03 13:53:22', '2021-04-03 13:53:22'),
(647, 'Huyện Buôn Đôn', '12.8791607-107.71625', 'Huyện', 42, '2021-04-03 13:53:22', '2021-04-03 13:53:22'),
(648, 'Huyện Cư M\'gar', '12.8525649-108.0954351', 'Huyện', 42, '2021-04-03 13:53:22', '2021-04-03 13:53:22'),
(649, 'Huyện Krông Búk', '13.0226831-108.1903059', 'Huyện', 42, '2021-04-03 13:53:22', '2021-04-03 13:53:22'),
(650, 'Huyện Krông Năng', '13.0089192-108.3801314', 'Huyện', 42, '2021-04-03 13:53:22', '2021-04-03 13:53:22'),
(651, 'Huyện Ea Kar', '12.7981778-108.5463165', 'Huyện', 42, '2021-04-03 13:53:22', '2021-04-03 13:53:22'),
(652, 'Huyện M\'Đrắk', '12.7165586-108.7600963', 'Huyện', 42, '2021-04-03 13:53:22', '2021-04-03 13:53:22'),
(653, 'Huyện Krông Bông', '12.473032-108.4750846', 'Huyện', 42, '2021-04-03 13:53:22', '2021-04-03 13:53:22'),
(654, 'Huyện Krông Pắc', '12.7439968-108.3801314', 'Huyện', 42, '2021-04-03 13:53:22', '2021-04-03 13:53:22'),
(655, 'Huyện Krông A Na', '12.4823793-108.024301', 'Huyện', 42, '2021-04-03 13:53:22', '2021-04-03 13:53:22'),
(656, 'Huyện Lắk', '12.3169361-108.1903059', 'Huyện', 42, '2021-04-03 13:53:22', '2021-04-03 13:53:22'),
(657, 'Huyện Cư Kuin', '12.5810594-108.1903059', 'Huyện', 42, '2021-04-03 13:53:22', '2021-04-03 13:53:22'),
(660, 'Thị xã Gia Nghĩa', '12.0036455-107.6876481', 'Thị xã', 43, '2021-04-03 13:53:22', '2021-04-03 13:53:22'),
(661, 'Huyện Đăk Glong', '12.1013642-107.8023543', 'Huyện', 43, '2021-04-03 13:53:22', '2021-04-03 13:53:22'),
(662, 'Huyện Cư Jút', '12.657282-107.8656124', 'Huyện', 43, '2021-04-03 13:53:22', '2021-04-03 13:53:22'),
(663, 'Huyện Đắk Mil', '12.5049537-107.6925674', 'Huyện', 43, '2021-04-03 13:53:22', '2021-04-03 13:53:22'),
(664, 'Huyện Krông Nô', '12.3426475-107.811', 'Huyện', 43, '2021-04-03 13:53:22', '2021-04-03 13:53:22'),
(665, 'Huyện Đắk Song', '12.2328311-107.6216789', 'Huyện', 43, '2021-04-03 13:53:22', '2021-04-03 13:53:22'),
(666, 'Huyện Đắk R\'Lấp', '11.9213338-107.5268471', 'Huyện', 43, '2021-04-03 13:53:22', '2021-04-03 13:53:22'),
(667, 'Huyện Tuy Đức', '12.1576117-107.4342313', 'Huyện', 43, '2021-04-03 13:53:22', '2021-04-03 13:53:22'),
(672, 'Thành phố Đà Lạt', '11.9404192-108.4583132', 'Thành phố', 44, '2021-04-03 13:53:22', '2021-04-03 13:53:22'),
(673, 'Thành phố Bảo Lộc', '11.5731051-107.8346924', 'Thành phố', 44, '2021-04-03 13:53:22', '2021-04-03 13:53:22'),
(674, 'Huyện Đam Rông', '12.0598218-108.0954351', 'Huyện', 44, '2021-04-03 13:53:22', '2021-04-03 13:53:22'),
(675, 'Huyện Lạc Dương', '12.1218309-108.4750846', 'Huyện', 44, '2021-04-03 13:53:22', '2021-04-03 13:53:22'),
(676, 'Huyện Lâm Hà', '11.7906825-108.1903059', 'Huyện', 44, '2021-04-03 13:53:22', '2021-04-03 13:53:22'),
(677, 'Huyện Đơn Dương', '11.7452329-108.5463165', 'Huyện', 44, '2021-04-03 13:53:22', '2021-04-03 13:53:22'),
(678, 'Huyện Đức Trọng', '11.641927-108.3102916', 'Huyện', 44, '2021-04-03 13:53:22', '2021-04-03 13:53:22'),
(679, 'Huyện Di Linh', '11.5346745-108.0954351', 'Huyện', 44, '2021-04-03 13:53:22', '2021-04-03 13:53:22'),
(680, 'Huyện Bảo Lâm', '11.7337863-107.71625', 'Huyện', 44, '2021-04-03 13:53:22', '2021-04-03 13:53:22'),
(681, 'Huyện Đạ Huoai', '11.4101516-107.6452085', 'Huyện', 44, '2021-04-03 13:53:22', '2021-04-03 13:53:22'),
(682, 'Huyện Đạ Tẻh', '11.5238408-107.485433', 'Huyện', 44, '2021-04-03 13:53:22', '2021-04-03 13:53:22'),
(683, 'Huyện Cát Tiên', '11.6903361-107.36123', 'Huyện', 44, '2021-04-03 13:53:22', '2021-04-03 13:53:22'),
(688, 'Thị xã Phước Long', '11.8337331-106.9948945', 'Thị xã', 45, '2021-04-03 13:53:22', '2021-04-03 13:53:22'),
(689, 'Thị xã Đồng Xoài', '11.536023-106.8908253', 'Thị xã', 45, '2021-04-03 13:53:22', '2021-04-03 13:53:22'),
(690, 'Thị xã Bình Long', '11.6922032-106.6055534', 'Thị xã', 45, '2021-04-03 13:53:22', '2021-04-03 13:53:22'),
(691, 'Huyện Bù Gia Mập', '12.0392238-107.0539434', 'Huyện', 45, '2021-04-03 13:53:22', '2021-04-03 13:53:22'),
(692, 'Huyện Lộc Ninh', '11.803677-106.5819789', 'Huyện', 45, '2021-04-03 13:53:22', '2021-04-03 13:53:22'),
(693, 'Huyện Bù Đốp', '11.9891869-106.7942405', 'Huyện', 45, '2021-04-03 13:53:22', '2021-04-03 13:53:22'),
(694, 'Huyện Hớn Quản', '11.6014622-106.6527099', 'Huyện', 45, '2021-04-03 13:53:22', '2021-04-03 13:53:22'),
(695, 'Huyện Đồng Phú', '11.5123355-106.9905473', 'Huyện', 45, '2021-04-03 13:53:22', '2021-04-03 13:53:22'),
(696, 'Huyện Bù Đăng', '11.7693374-107.1484521', 'Huyện', 45, '2021-04-03 13:53:22', '2021-04-03 13:53:22'),
(697, 'Huyện Chơn Thành', '11.4696902-106.6527099', 'Huyện', 45, '2021-04-03 13:53:22', '2021-04-03 13:53:22'),
(698, 'Huyện Phú Riềng', '11.6827356-106.9459494', 'Huyện', 45, '2021-04-03 13:53:22', '2021-04-03 13:53:22'),
(703, 'Thành phố Tây Ninh', '11.3675415-106.1192802', 'Thành phố', 46, '2021-04-03 13:53:22', '2021-04-03 13:53:22'),
(705, 'Huyện Tân Biên', '11.572115-106.0169971', 'Huyện', 46, '2021-04-03 13:53:22', '2021-04-03 13:53:22'),
(706, 'Huyện Tân Châu', '11.5614393-106.2051484', 'Huyện', 46, '2021-04-03 13:53:22', '2021-04-03 13:53:22'),
(707, 'Huyện Dương Minh Châu', '11.3595908-106.2757514', 'Huyện', 46, '2021-04-03 13:53:22', '2021-04-03 13:53:22'),
(708, 'Huyện Châu Thành', '11.3081393-106.0169971', 'Huyện', 46, '2021-04-03 13:53:22', '2021-04-03 13:53:22'),
(709, 'Huyện Hòa Thành', '11.2680459-106.1463317', 'Huyện', 46, '2021-04-03 13:53:22', '2021-04-03 13:53:22'),
(710, 'Huyện Gò Dầu', '11.1402783-106.2757514', 'Huyện', 46, '2021-04-03 13:53:22', '2021-04-03 13:53:22'),
(711, 'Huyện Bến Cầu', '11.1506368-106.0875326', 'Huyện', 46, '2021-04-03 13:53:22', '2021-04-03 13:53:22'),
(712, 'Huyện Trảng Bàng', '11.0328111-106.3645677', 'Huyện', 46, '2021-04-03 13:53:22', '2021-04-03 13:53:22'),
(718, 'Thành phố Thủ Dầu Một', '10.9929842-106.6557073', 'Thành phố', 47, '2021-04-03 13:53:22', '2021-04-03 13:53:22'),
(719, 'Huyện Bàu Bàng', '11.2443985-106.6331774', 'Huyện', 47, '2021-04-03 13:53:22', '2021-04-03 13:53:22'),
(720, 'Huyện Dầu Tiếng', '11.348909-106.4641459', 'Huyện', 47, '2021-04-03 13:53:22', '2021-04-03 13:53:22'),
(721, 'Thị xã Bến Cát', '11.101302-106.5819789', 'Thị xã', 47, '2021-04-03 13:53:22', '2021-04-03 13:53:22'),
(722, 'Huyện Phú Giáo', '11.2655822-106.7706458', 'Huyện', 47, '2021-04-03 13:53:22', '2021-04-03 13:53:22'),
(723, 'Thị xã Tân Uyên', '11.0715863-106.6943524', 'Thị xã', 47, '2021-04-03 13:53:22', '2021-04-03 13:53:22'),
(724, 'Thị xã Dĩ An', '10.9155965-106.7692013', 'Thị xã', 47, '2021-04-03 13:53:22', '2021-04-03 13:53:22'),
(725, 'Thị xã Thuận An', '10.9302095-106.71167', 'Thị xã', 47, '2021-04-03 13:53:22', '2021-04-03 13:53:22'),
(726, 'Huyện Bắc Tân Uyên', '11.1498901-106.8440007', 'Huyện', 47, '2021-04-03 13:53:22', '2021-04-03 13:53:22'),
(731, 'Thành phố Biên Hòa', '10.9574128-106.8426871', 'Thành phố', 48, '2021-04-03 13:53:22', '2021-04-03 13:53:22'),
(732, 'Thị xã Long Khánh', '10.9442612-107.2311774', 'Thị xã', 48, '2021-04-03 13:53:22', '2021-04-03 13:53:22'),
(734, 'Huyện Tân Phú', '11.4275308-107.36123', 'Huyện', 48, '2021-04-03 13:53:22', '2021-04-03 13:53:22'),
(735, 'Huyện Vĩnh Cửu', '11.3049005-107.0605278', 'Huyện', 48, '2021-04-03 13:53:22', '2021-04-03 13:53:22'),
(736, 'Huyện Định Quán', '11.1576779-107.2740528', 'Huyện', 48, '2021-04-03 13:53:22', '2021-04-03 13:53:22'),
(737, 'Huyện Trảng Bom', '10.9667039-107.0303221', 'Huyện', 48, '2021-04-03 13:53:22', '2021-04-03 13:53:22'),
(738, 'Huyện Thống Nhất', '10.994359-107.1547158', 'Huyện', 48, '2021-04-03 13:53:22', '2021-04-03 13:53:22'),
(739, 'Huyện Cẩm Mỹ', '10.8225699-107.2666396', 'Huyện', 48, '2021-04-03 13:53:22', '2021-04-03 13:53:22'),
(740, 'Huyện Long Thành', '10.7932946-107.0135297', 'Huyện', 48, '2021-04-03 13:53:22', '2021-04-03 13:53:22'),
(741, 'Huyện Xuân Lộc', '10.9652026-107.4321959', 'Huyện', 48, '2021-04-03 13:53:22', '2021-04-03 13:53:22'),
(742, 'Huyện Nhơn Trạch', '10.6968843-106.8907696', 'Huyện', 48, '2021-04-03 13:53:22', '2021-04-03 13:53:22'),
(747, 'Thành phố Vũng Tàu', '10.4113797-107.136224', 'Thành phố', 49, '2021-04-03 13:53:22', '2021-04-03 13:53:22'),
(748, 'Thành phố Bà Rịa', '10.508928-107.1816257', 'Thành phố', 49, '2021-04-03 13:53:22', '2021-04-03 13:53:22'),
(750, 'Huyện Châu Đức', '10.6284702-107.2429976', 'Huyện', 49, '2021-04-03 13:53:22', '2021-04-03 13:53:22'),
(751, 'Huyện Xuyên Mộc', '10.6177683-107.4321959', 'Huyện', 49, '2021-04-03 13:53:22', '2021-04-03 13:53:22'),
(752, 'Huyện Long Điền', '10.4449241-107.2311774', 'Huyện', 49, '2021-04-03 13:53:22', '2021-04-03 13:53:22'),
(753, 'Huyện Đất Đỏ', '10.4728035-107.3139304', 'Huyện', 49, '2021-04-03 13:53:22', '2021-04-03 13:53:22'),
(754, 'Huyện Tân Thành', '10.5640726-107.0595233', 'Huyện', 49, '2021-04-03 13:53:22', '2021-04-03 13:53:22'),
(755, 'Huyện Côn Đảo', '8.7009282-106.6114474', 'Huyện', 49, '2021-04-03 13:53:22', '2021-04-03 13:53:22'),
(760, 'Quận 1', '10.7756587-106.7004238', 'Quận', 50, '2021-04-03 13:53:22', '2021-04-03 13:53:22'),
(761, 'Quận 12', '10.8671531-106.6413322', 'Quận', 50, '2021-04-03 13:53:22', '2021-04-03 13:53:22'),
(762, 'Quận Thủ Đức', '10.8494094-106.7537055', 'Quận', 50, '2021-04-03 13:53:22', '2021-04-03 13:53:22'),
(763, 'Quận 9', '10.8428402-106.8286851', 'Quận', 50, '2021-04-03 13:53:22', '2021-04-03 13:53:22'),
(764, 'Quận Gò Vấp', '10.8386779-106.6652904', 'Quận', 50, '2021-04-03 13:53:22', '2021-04-03 13:53:22'),
(765, 'Quận Bình Thạnh', '10.8105831-106.7091422', 'Quận', 50, '2021-04-03 13:53:22', '2021-04-03 13:53:22'),
(766, 'Quận Tân Bình', '10.8014659-106.6525974', 'Quận', 50, '2021-04-03 13:53:22', '2021-04-03 13:53:22'),
(767, 'Quận Tân Phú', '10.7900517-106.6281901', 'Quận', 50, '2021-04-03 13:53:22', '2021-04-03 13:53:22'),
(768, 'Quận Phú Nhuận', '10.7991944-106.6802639', 'Quận', 50, '2021-04-03 13:53:22', '2021-04-03 13:53:22'),
(769, 'Quận 2', '10.7872729-106.7498105', 'Quận', 50, '2021-04-03 13:53:22', '2021-04-03 13:53:22'),
(770, 'Quận 3', '10.7843695-106.6844089', 'Quận', 50, '2021-04-03 13:53:22', '2021-04-03 13:53:22'),
(771, 'Quận 10', '10.7745965-106.6679542', 'Quận', 50, '2021-04-03 13:53:22', '2021-04-03 13:53:22'),
(772, 'Quận 11', '10.7629739-106.650084', 'Quận', 50, '2021-04-03 13:53:22', '2021-04-03 13:53:22'),
(773, 'Quận 4', '10.7578263-106.7012968', 'Quận', 50, '2021-04-03 13:53:22', '2021-04-03 13:53:22'),
(774, 'Quận 5', '10.7540279-106.6633746', 'Quận', 50, '2021-04-03 13:53:22', '2021-04-03 13:53:22'),
(775, 'Quận 6', '10.7480929-106.6352362', 'Quận', 50, '2021-04-03 13:53:22', '2021-04-03 13:53:22'),
(776, 'Quận 8', '10.7240878-106.6286259', 'Quận', 50, '2021-04-03 13:53:22', '2021-04-03 13:53:22'),
(777, 'Quận Bình Tân', '10.7652581-106.6038535', 'Quận', 50, '2021-04-03 13:53:22', '2021-04-03 13:53:22'),
(778, 'Quận 7', '10.7340344-106.7215787', 'Quận', 50, '2021-04-03 13:53:22', '2021-04-03 13:53:22'),
(783, 'Huyện Củ Chi', '11.0066683-106.5131967', 'Huyện', 50, '2021-04-03 13:53:22', '2021-04-03 13:53:22'),
(784, 'Huyện Hóc Môn', '10.8839675-106.5870611', 'Huyện', 50, '2021-04-03 13:53:22', '2021-04-03 13:53:22'),
(785, 'Huyện Bình Chánh', '10.687392-106.5938538', 'Huyện', 50, '2021-04-03 13:53:22', '2021-04-03 13:53:22'),
(786, 'Huyện Nhà Bè', '10.6952642-106.704874', 'Huyện', 50, '2021-04-03 13:53:22', '2021-04-03 13:53:22'),
(787, 'Huyện Cần Giờ', '10.5083266-106.8635004', 'Huyện', 50, '2021-04-03 13:53:22', '2021-04-03 13:53:22'),
(794, 'Thành phố Tân An', '10.5330098-106.4052541', 'Thành phố', 51, '2021-04-03 13:53:22', '2021-04-03 13:53:22'),
(795, 'Thị xã Kiến Tường', '10.7667086-105.8994956', 'Thị xã', 51, '2021-04-03 13:53:22', '2021-04-03 13:53:22'),
(796, 'Huyện Tân Hưng', '10.8226522-105.6647142', 'Huyện', 51, '2021-04-03 13:53:22', '2021-04-03 13:53:22'),
(797, 'Huyện Vĩnh Hưng', '10.9028612-105.8055471', 'Huyện', 51, '2021-04-03 13:53:22', '2021-04-03 13:53:22'),
(798, 'Huyện Mộc Hóa', '10.7642485-105.9464874', 'Huyện', 51, '2021-04-03 13:53:22', '2021-04-03 13:53:22'),
(799, 'Huyện Tân Thạnh', '10.6078027-106.0169971', 'Huyện', 51, '2021-04-03 13:53:22', '2021-04-03 13:53:22'),
(800, 'Huyện Thạnh Hóa', '10.664587-106.1816196', 'Huyện', 51, '2021-04-03 13:53:22', '2021-04-03 13:53:22'),
(801, 'Huyện Đức Huệ', '10.8777796-106.2757514', 'Huyện', 51, '2021-04-03 13:53:22', '2021-04-03 13:53:22'),
(802, 'Huyện Đức Hòa', '10.9023378-106.418534', 'Huyện', 51, '2021-04-03 13:53:22', '2021-04-03 13:53:22'),
(803, 'Huyện Bến Lức', '10.641162-106.4856006', 'Huyện', 51, '2021-04-03 13:53:22', '2021-04-03 13:53:22'),
(804, 'Huyện Thủ Thừa', '10.7006857-106.3228338', 'Huyện', 51, '2021-04-03 13:53:22', '2021-04-03 13:53:22'),
(805, 'Huyện Tân Trụ', '10.5280095-106.4994889', 'Huyện', 51, '2021-04-03 13:53:22', '2021-04-03 13:53:22'),
(806, 'Huyện Cần Đước', '10.5549448-106.6055534', 'Huyện', 51, '2021-04-03 13:53:22', '2021-04-03 13:53:22'),
(807, 'Huyện Cần Giuộc', '10.6009679-106.6650358', 'Huyện', 51, '2021-04-03 13:53:22', '2021-04-03 13:53:22'),
(808, 'Huyện Châu Thành', '10.4640645-106.4759262', 'Huyện', 51, '2021-04-03 13:53:22', '2021-04-03 13:53:22'),
(815, 'Thành phố Mỹ Tho', '10.3765284-106.3438891', 'Thành phố', 52, '2021-04-03 13:53:22', '2021-04-03 13:53:22'),
(816, 'Thị xã Gò Công', '10.4106494-106.6645007', 'Thị xã', 52, '2021-04-03 13:53:22', '2021-04-03 13:53:22'),
(817, 'Thị xã Cai Lậy', '10.4050639-106.1186715', 'Huyện', 52, '2021-04-03 13:53:22', '2021-04-03 13:53:22'),
(818, 'Huyện Tân Phước', '10.5314211-106.22868', 'Huyện', 52, '2021-04-03 13:53:22', '2021-04-03 13:53:22'),
(819, 'Huyện Cái Bè', '10.3718873-105.9464874', 'Huyện', 52, '2021-04-03 13:53:22', '2021-04-03 13:53:22'),
(820, 'Huyện Cai Lậy', '10.4287401-106.1110501', 'Thị xã', 52, '2021-04-03 13:53:22', '2021-04-03 13:53:22'),
(821, 'Huyện Châu Thành', '10.4009358-106.22868', 'Huyện', 52, '2021-04-03 13:53:22', '2021-04-03 13:53:22'),
(822, 'Huyện Chợ Gạo', '10.3793903-106.4541903', 'Huyện', 52, '2021-04-03 13:53:22', '2021-04-03 13:53:22'),
(823, 'Huyện Gò Công Tây', '10.3378629-106.6055534', 'Huyện', 52, '2021-04-03 13:53:22', '2021-04-03 13:53:22'),
(824, 'Huyện Gò Công Đông', '10.3737254-106.7470536', 'Huyện', 52, '2021-04-03 13:53:22', '2021-04-03 13:53:22'),
(825, 'Huyện Tân Phú Đông', '10.2462427-106.6998767', 'Huyện', 52, '2021-04-03 13:53:22', '2021-04-03 13:53:22'),
(829, 'Thành phố Bến Tre', '10.241361-106.3762601', 'Thành phố', 53, '2021-04-03 13:53:22', '2021-04-03 13:53:22'),
(831, 'Huyện Châu Thành', '10.3067813-106.3699271', 'Huyện', 53, '2021-04-03 13:53:22', '2021-04-03 13:53:22'),
(832, 'Huyện Chợ Lách', '10.241094-106.1698563', 'Huyện', 53, '2021-04-03 13:53:22', '2021-04-03 13:53:22'),
(833, 'Huyện Mỏ Cày Nam', '10.0468396-106.3699271', 'Huyện', 53, '2021-04-03 13:53:22', '2021-04-03 13:53:22'),
(834, 'Huyện Giồng Trôm', '10.1718844-106.4641459', 'Huyện', 53, '2021-04-03 13:53:22', '2021-04-03 13:53:22'),
(835, 'Huyện Bình Đại', '10.1596899-106.6998767', 'Huyện', 53, '2021-04-03 13:53:22', '2021-04-03 13:53:22'),
(836, 'Huyện Ba Tri', '10.0417849-106.5936741', 'Huyện', 53, '2021-04-03 13:53:22', '2021-04-03 13:53:22'),
(837, 'Huyện Thạnh Phú', '9.9077234-106.5584071', 'Huyện', 53, '2021-04-03 13:53:22', '2021-04-03 13:53:22'),
(838, 'Huyện Mỏ Cày Bắc', '10.1700758-106.287521', 'Huyện', 53, '2021-04-03 13:53:22', '2021-04-03 13:53:22'),
(842, 'Thành phố Trà Vinh', '9.9513316-106.3346061', 'Thành phố', 54, '2021-04-03 13:53:22', '2021-04-03 13:53:22'),
(844, 'Huyện Càng Long', '9.9674087-106.22868', 'Huyện', 54, '2021-04-03 13:53:22', '2021-04-03 13:53:22'),
(845, 'Huyện Cầu Kè', '9.8878863-106.0875326', 'Huyện', 54, '2021-04-03 13:53:22', '2021-04-03 13:53:22'),
(846, 'Huyện Tiểu Cần', '9.7969156-106.1816196', 'Huyện', 54, '2021-04-03 13:53:22', '2021-04-03 13:53:22'),
(847, 'Huyện Châu Thành', '9.8331585-106.3228338', 'Huyện', 54, '2021-04-03 13:53:22', '2021-04-03 13:53:22'),
(848, 'Huyện Cầu Ngang', '9.7830517-106.4641459', 'Huyện', 54, '2021-04-03 13:53:22', '2021-04-03 13:53:22'),
(849, 'Huyện Trà Cú', '9.7060851-106.2757514', 'Huyện', 54, '2021-04-03 13:53:22', '2021-04-03 13:53:22'),
(850, 'Huyện Duyên Hải', '9.6311842-106.4877072', 'Huyện', 54, '2021-04-03 13:53:22', '2021-04-03 13:53:22'),
(851, 'Thị xã Duyên Hải', '9.6311842-106.4877072', 'Thị xã', 54, '2021-04-03 13:53:22', '2021-04-03 13:53:22'),
(855, 'Thành phố Vĩnh Long', '10.2448442-105.958865', 'Thành phố', 55, '2021-04-03 13:53:22', '2021-04-03 13:53:22'),
(857, 'Huyện Long Hồ', '10.1980682-105.9464874', 'Huyện', 55, '2021-04-03 13:53:22', '2021-04-03 13:53:22'),
(858, 'Huyện Mang Thít', '10.18076-106.0757749', 'Huyện', 55, '2021-04-03 13:53:22', '2021-04-03 13:53:22'),
(859, 'Huyện  Vũng Liêm', '10.058632-106.1345705', 'Huyện', 55, '2021-04-03 13:53:22', '2021-04-03 13:53:22'),
(860, 'Huyện Tam Bình', '10.0679356-105.9464874', 'Huyện', 55, '2021-04-03 13:53:22', '2021-04-03 13:53:22'),
(861, 'Thị xã Bình Minh', '10.029192-105.8525154', 'Thị xã', 55, '2021-04-03 13:53:22', '2021-04-03 13:53:22'),
(862, 'Huyện Trà Ôn', '9.9789961-105.993491', 'Huyện', 55, '2021-04-03 13:53:22', '2021-04-03 13:53:22'),
(863, 'Huyện Bình Tân', '10.1218894-105.7728863', 'Huyện', 55, '2021-04-03 13:53:22', '2021-04-03 13:53:22'),
(866, 'Thành phố Cao Lãnh', '10.4549723-105.6340352', 'Thành phố', 56, '2021-04-03 13:53:22', '2021-04-03 13:53:22'),
(867, 'Thành phố Sa Đéc', '10.3057678-105.7468535', 'Thành phố', 56, '2021-04-03 13:53:22', '2021-04-03 13:53:22'),
(868, 'Thị xã Hồng Ngự', '10.8255238-105.3950939', 'Thị xã', 56, '2021-04-03 13:53:22', '2021-04-03 13:53:22'),
(869, 'Huyện Tân Hồng', '10.876115-105.4771084', 'Huyện', 56, '2021-04-03 13:53:22', '2021-04-03 13:53:22'),
(870, 'Huyện Hồng Ngự', '10.7979866-105.2897042', 'Huyện', 56, '2021-04-03 13:53:22', '2021-04-03 13:53:22'),
(871, 'Huyện Tam Nông', '10.7192793-105.5474373', 'Huyện', 56, '2021-04-03 13:53:22', '2021-04-03 13:53:22'),
(872, 'Huyện Tháp Mười', '10.5302706-105.8290298', 'Huyện', 56, '2021-04-03 13:53:22', '2021-04-03 13:53:22'),
(873, 'Huyện Cao Lãnh', '10.4659577-105.7059785', 'Huyện', 56, '2021-04-03 13:53:22', '2021-04-03 13:53:22'),
(874, 'Huyện Thanh Bình', '10.6135294-105.4771084', 'Huyện', 56, '2021-04-03 13:53:22', '2021-04-03 13:53:22'),
(875, 'Huyện Lấp Vò', '10.3578054-105.6308159', 'Huyện', 56, '2021-04-03 13:53:22', '2021-04-03 13:53:22'),
(876, 'Huyện Lai Vung', '10.255455-105.6647142', 'Huyện', 56, '2021-04-03 13:53:22', '2021-04-03 13:53:22'),
(877, 'Huyện Châu Thành', '10.2050554-105.8055471', 'Huyện', 56, '2021-04-03 13:53:22', '2021-04-03 13:53:22'),
(883, 'Thành phố Long Xuyên', '10.3759416-105.4185406', 'Thành phố', 57, '2021-04-03 13:53:22', '2021-04-03 13:53:22'),
(884, 'Thành phố Châu Đốc', '10.6820814-105.0823967', 'Thành phố', 57, '2021-04-03 13:53:22', '2021-04-03 13:53:22'),
(886, 'Huyện An Phú', '10.8512167-105.1025075', 'Huyện', 57, '2021-04-03 13:53:22', '2021-04-03 13:53:22'),
(887, 'Thị xã Tân Châu', '10.8026827-105.1960795', 'Thị xã', 57, '2021-04-03 13:53:22', '2021-04-03 13:53:22'),
(888, 'Huyện Phú Tân', '10.5942654-105.3528491', 'Huyện', 57, '2021-04-03 13:53:22', '2021-04-03 13:53:22'),
(889, 'Huyện Châu Phú', '10.5630265-105.1726816', 'Huyện', 57, '2021-04-03 13:53:22', '2021-04-03 13:53:22'),
(890, 'Huyện Tịnh Biên', '10.549107-105.0089888', 'Huyện', 57, '2021-04-03 13:53:22', '2021-04-03 13:53:22'),
(891, 'Huyện Tri Tôn', '10.3972321-104.9856176', 'Huyện', 57, '2021-04-03 13:53:22', '2021-04-03 13:53:22'),
(892, 'Huyện Châu Thành', '10.4377694-105.3892372', 'Huyện', 57, '2021-04-03 13:53:22', '2021-04-03 13:53:22'),
(893, 'Huyện Chợ Mới', '10.4825247-105.4771084', 'Huyện', 57, '2021-04-03 13:53:22', '2021-04-03 13:53:22'),
(894, 'Huyện Thoại Sơn', '10.2595103-105.2608002', 'Huyện', 57, '2021-04-03 13:53:22', '2021-04-03 13:53:22'),
(899, 'Thành phố Rạch Giá', '10.021507-105.0910974', 'Thành phố', 58, '2021-04-03 13:53:22', '2021-04-03 13:53:22'),
(900, 'Thị xã Hà Tiên', '10.381909-104.4901728', 'Thị xã', 58, '2021-04-03 13:53:22', '2021-04-03 13:53:22'),
(902, 'Huyện Kiên Lương', '10.3043903-104.6354631', 'Huyện', 58, '2021-04-03 13:53:22', '2021-04-03 13:53:22'),
(903, 'Huyện Hòn Đất', '10.2227003-104.9856176', 'Huyện', 58, '2021-04-03 13:53:22', '2021-04-03 13:53:22'),
(904, 'Huyện Tân Hiệp', '10.1154358-105.2834404', 'Huyện', 58, '2021-04-03 13:53:22', '2021-04-03 13:53:22'),
(905, 'Huyện Châu Thành', '9.8889535-105.1492869', 'Huyện', 58, '2021-04-03 13:53:22', '2021-04-03 13:53:22'),
(906, 'Huyện Giồng Riềng', '9.9238222-105.3728845', 'Huyện', 58, '2021-04-03 13:53:22', '2021-04-03 13:53:22'),
(907, 'Huyện Gò Quao', '9.7525077-105.2897042', 'Huyện', 58, '2021-04-03 13:53:22', '2021-04-03 13:53:22'),
(908, 'Huyện An Biên', '9.8064559-105.0557415', 'Huyện', 58, '2021-04-03 13:53:22', '2021-04-03 13:53:22'),
(909, 'Huyện An Minh', '9.6647183-104.9495651', 'Huyện', 58, '2021-04-03 13:53:22', '2021-04-03 13:53:22'),
(910, 'Huyện Vĩnh Thuận', '9.5384134-105.2428853', 'Huyện', 58, '2021-04-03 13:53:22', '2021-04-03 13:53:22'),
(911, 'Huyện Phú Quốc', '10.1586245-103.98402', 'Huyện', 58, '2021-04-03 13:53:22', '2021-04-03 13:53:22'),
(912, 'Huyện Kiên Hải', '9.8091362-104.6296338', 'Huyện', 58, '2021-04-03 13:53:22', '2021-04-03 13:53:22'),
(913, 'Huyện U Minh Thượng', '9.6311125-105.1025075', 'Huyện', 58, '2021-04-03 13:53:22', '2021-04-03 13:53:22'),
(914, 'Huyện Giang Thành', '10.4771358-104.6821048', 'Huyện', 58, '2021-04-03 13:53:22', '2021-04-03 13:53:22'),
(916, 'Quận Ninh Kiều', '10.0272537-105.7698039', 'Quận', 59, '2021-04-03 13:53:22', '2021-04-03 13:53:22'),
(917, 'Quận Ô Môn', '10.1164943-105.6326457', 'Quận', 59, '2021-04-03 13:53:22', '2021-04-03 13:53:22'),
(918, 'Quận Bình Thuỷ', '10.0622567-105.7381017', 'Quận', 59, '2021-04-03 13:53:22', '2021-04-03 13:53:22'),
(919, 'Quận Cái Răng', '9.9992392-105.8043572', 'Quận', 59, '2021-04-03 13:53:22', '2021-04-03 13:53:22'),
(923, 'Quận Thốt Nốt', '10.2405338-105.5336815', 'Quận', 59, '2021-04-03 13:53:22', '2021-04-03 13:53:22'),
(924, 'Huyện Vĩnh Thạnh', '10.2322696-105.3987034', 'Huyện', 59, '2021-04-03 13:53:22', '2021-04-03 13:53:22'),
(925, 'Huyện Cờ Đỏ', '10.0972302-105.4304423', 'Huyện', 59, '2021-04-03 13:53:22', '2021-04-03 13:53:22'),
(926, 'Huyện Phong Điền', '9.9967657-105.6686611', 'Huyện', 59, '2021-04-03 13:53:22', '2021-04-03 13:53:22'),
(927, 'Huyện Thới Lai', '10.0681881-105.5599728', 'Huyện', 59, '2021-04-03 13:53:22', '2021-04-03 13:53:22'),
(930, 'Thành phố Vị Thanh', '9.7731921-105.4537082', 'Thành phố', 60, '2021-04-03 13:53:22', '2021-04-03 13:53:22'),
(931, 'Thị xã Ngã Bảy', '9.8252566-105.8172881', 'Thị xã', 60, '2021-04-03 13:53:22', '2021-04-03 13:53:22'),
(932, 'Huyện Châu Thành A', '9.926726-105.6315594', 'Huyện', 60, '2021-04-03 13:53:22', '2021-04-03 13:53:22'),
(933, 'Huyện Châu Thành', '9.9216255-105.8073554', 'Huyện', 60, '2021-04-03 13:53:22', '2021-04-03 13:53:22'),
(934, 'Huyện Phụng Hiệp', '9.7762126-105.7116464', 'Huyện', 60, '2021-04-03 13:53:22', '2021-04-03 13:53:22'),
(935, 'Huyện Vị Thuỷ', '9.8260824-105.5708865', 'Huyện', 60, '2021-04-03 13:53:22', '2021-04-03 13:53:22'),
(936, 'Huyện Long Mỹ', '9.6552847-105.5239912', 'Huyện', 60, '2021-04-03 13:53:22', '2021-04-03 13:53:22'),
(937, 'Thị xã Long Mỹ', '9.669597-105.5650239', 'Thị xã', 60, '2021-04-03 13:53:22', '2021-04-03 13:53:22'),
(941, 'Thành phố Sóc Trăng', '9.602521-105.9739049', 'Thành phố', 61, '2021-04-03 13:53:22', '2021-04-03 13:53:22'),
(942, 'Huyện Châu Thành', '9.6809726-105.8994956', 'Huyện', 61, '2021-04-03 13:53:22', '2021-04-03 13:53:22'),
(943, 'Huyện Kế Sách', '9.8310108-105.92299', 'Huyện', 61, '2021-04-03 13:53:22', '2021-04-03 13:53:22'),
(944, 'Huyện Mỹ Tú', '9.599104-105.8055471', 'Huyện', 61, '2021-04-03 13:53:22', '2021-04-03 13:53:22'),
(945, 'Huyện Cù Lao Dung', '9.5791522-106.22868', 'Huyện', 61, '2021-04-03 13:53:22', '2021-04-03 13:53:22'),
(946, 'Huyện Long Phú', '9.6289421-106.0875326', 'Huyện', 61, '2021-04-03 13:53:22', '2021-04-03 13:53:22'),
(947, 'Huyện Mỹ Xuyên', '9.4655111-105.8994956', 'Huyện', 61, '2021-04-03 13:53:22', '2021-04-03 13:53:22'),
(948, 'Thị xã Ngã Năm', '9.5215171-105.6177942', 'Thị xã', 61, '2021-04-03 13:53:22', '2021-04-03 13:53:22'),
(949, 'Huyện Thạnh Trị', '9.4741407-105.7116464', 'Huyện', 61, '2021-04-03 13:53:22', '2021-04-03 13:53:22'),
(950, 'Thị xã Vĩnh Châu', '9.3249582-105.9804542', 'Thị xã', 61, '2021-04-03 13:53:22', '2021-04-03 13:53:22'),
(951, 'Huyện Trần Đề', '9.49978-106.0875326', 'Huyện', 61, '2021-04-03 13:53:22', '2021-04-03 13:53:22'),
(954, 'Thành phố Bạc Liêu', '9.2573324-105.7557791', 'Thành phố', 62, '2021-04-03 13:53:22', '2021-04-03 13:53:22'),
(956, 'Huyện Hồng Dân', '9.5539029-105.45205', 'Huyện', 62, '2021-04-03 13:53:22', '2021-04-03 13:53:22'),
(957, 'Huyện Phước Long', '9.4006715-105.4302383', 'Huyện', 62, '2021-04-03 13:53:22', '2021-04-03 13:53:22'),
(958, 'Huyện Vĩnh Lợi', '9.3450296-105.7116464', 'Huyện', 62, '2021-04-03 13:53:22', '2021-04-03 13:53:22'),
(959, 'Thị xã Giá Rai', '9.260136-105.3753129', 'Thị xã', 62, '2021-04-03 13:53:22', '2021-04-03 13:53:22'),
(960, 'Huyện Đông Hải', '9.1630642-105.4536718', 'Huyện', 62, '2021-04-03 13:53:22', '2021-04-03 13:53:22'),
(961, 'Huyện Hoà Bình', '9.2704595-105.5897386', 'Huyện', 62, '2021-04-03 13:53:22', '2021-04-03 13:53:22'),
(964, 'Thành phố Cà Mau', '9.1526728-105.1960795', 'Thành phố', 63, '2021-04-03 13:53:22', '2021-04-03 13:53:22'),
(966, 'Huyện U Minh', '9.3554435-104.9856176', 'Huyện', 63, '2021-04-03 13:53:22', '2021-04-03 13:53:22'),
(967, 'Huyện Thới Bình', '9.3473628-105.1726816', 'Huyện', 63, '2021-04-03 13:53:22', '2021-04-03 13:53:22'),
(968, 'Huyện Trần Văn Thời', '9.1009716-104.8921668', 'Huyện', 63, '2021-04-03 13:53:22', '2021-04-03 13:53:22'),
(969, 'Huyện Cái Nước', '8.9867763-105.0557415', 'Huyện', 63, '2021-04-03 13:53:22', '2021-04-03 13:53:22'),
(970, 'Huyện Đầm Dơi', '8.9994186-105.2662931', 'Huyện', 63, '2021-04-03 13:53:22', '2021-04-03 13:53:22'),
(971, 'Huyện Năm Căn', '8.8153071-105.0557415', 'Huyện', 63, '2021-04-03 13:53:22', '2021-04-03 13:53:22'),
(972, 'Huyện Phú Tân', '8.9291357-104.8921668', 'Huyện', 63, '2021-04-03 13:53:22', '2021-04-03 13:53:22'),
(973, 'Huyện Ngọc Hiển', '8.6677256-105.0032366', 'Huyện', 63, '2021-04-03 13:53:22', '2021-04-03 13:53:22');

-- --------------------------------------------------------

--
-- Table structure for table `imageproduct`
--

CREATE TABLE `imageproduct` (
  `id` int(11) NOT NULL,
  `path` varchar(255) NOT NULL,
  `productId` varchar(50) NOT NULL,
  `createdAt` datetime NOT NULL,
  `updatedAt` datetime NOT NULL
) ENGINE=InnoDB DEFAULT CHARSET=utf8;

--
-- Dumping data for table `imageproduct`
--

INSERT INTO `imageproduct` (`id`, `path`, `productId`, `createdAt`, `updatedAt`) VALUES
(1, 'CASIO-B650WC-5ADF-1616342253412', 'B650WC-5ADF', '2021-03-21 15:57:35', '2021-03-21 15:57:35'),
(2, 'CASIO-B650WC-5ADF-1616342253414', 'B650WC-5ADF', '2021-03-21 15:57:35', '2021-03-21 15:57:35'),
(3, 'CASIO-B650WC-5ADF-1616342253413', 'B650WC-5ADF', '2021-03-21 15:57:35', '2021-03-21 15:57:35'),
(4, 'CASIO-B650WC-5ADF-1616342253415', 'B650WC-5ADF', '2021-03-21 15:57:38', '2021-03-21 15:57:38'),
(5, 'CASIO-B650WD-1ADF-1616342444176', 'B650WD-1ADF', '2021-03-21 16:00:45', '2021-03-21 16:00:45'),
(6, 'CASIO-B650WD-1ADF-1616342444178', 'B650WD-1ADF', '2021-03-21 16:00:46', '2021-03-21 16:00:46'),
(7, 'CASIO-B650WD-1ADF-1616342444179', 'B650WD-1ADF', '2021-03-21 16:00:47', '2021-03-21 16:00:47'),
(8, 'CASIO-B650WD-1ADF-1616342444177', 'B650WD-1ADF', '2021-03-21 16:00:48', '2021-03-21 16:00:48'),
(9, 'CASIO-EFV-540D-7AVUDF-1616342533840', 'EFV-540D-7AVUDF', '2021-03-21 16:02:15', '2021-03-21 16:02:15'),
(10, 'CASIO-EFV-540D-7AVUDF-1616342533841', 'EFV-540D-7AVUDF', '2021-03-21 16:02:15', '2021-03-21 16:02:15'),
(11, 'CASIO-EFV-540D-7AVUDF-1616342533839', 'EFV-540D-7AVUDF', '2021-03-21 16:02:15', '2021-03-21 16:02:15'),
(12, 'CASIO-EFV-540D-7AVUDF-1616342533842', 'EFV-540D-7AVUDF', '2021-03-21 16:02:16', '2021-03-21 16:02:16'),
(13, 'CASIO-EFV-570D-7AVUDF-1616342575332', 'EFV-570D-7AVUDF', '2021-03-21 16:02:56', '2021-03-21 16:02:56'),
(14, 'CASIO-EFV-570D-7AVUDF-1616342575330', 'EFV-570D-7AVUDF', '2021-03-21 16:02:56', '2021-03-21 16:02:56'),
(15, 'CASIO-EFV-570D-7AVUDF-1616342575329', 'EFV-570D-7AVUDF', '2021-03-21 16:02:56', '2021-03-21 16:02:56'),
(16, 'CASIO-EFV-570D-7AVUDF-1616342575331', 'EFV-570D-7AVUDF', '2021-03-21 16:02:57', '2021-03-21 16:02:57'),
(17, 'CASIO-LTP-1308D-4AVDF-1616342696286', 'LTP-1308D-4AVDF', '2021-03-21 16:04:58', '2021-03-21 16:04:58'),
(18, 'CASIO-LTP-1308D-4AVDF-1616342696287', 'LTP-1308D-4AVDF', '2021-03-21 16:04:58', '2021-03-21 16:04:58'),
(19, 'CASIO-LTP-1308D-4AVDF-1616342696288', 'LTP-1308D-4AVDF', '2021-03-21 16:04:58', '2021-03-21 16:04:58'),
(20, 'CASIO-LTP-1308D-4AVDF-1616342696289', 'LTP-1308D-4AVDF', '2021-03-21 16:04:59', '2021-03-21 16:04:59'),
(21, 'CASIO-LTP-E402G-9AVDF-1616342725173', 'LTP-E402G-9AVDF', '2021-03-21 16:05:26', '2021-03-21 16:05:26'),
(22, 'CASIO-LTP-E402G-9AVDF-1616342725174', 'LTP-E402G-9AVDF', '2021-03-21 16:05:26', '2021-03-21 16:05:26'),
(23, 'CASIO-LTP-E402G-9AVDF-1616342725175', 'LTP-E402G-9AVDF', '2021-03-21 16:05:26', '2021-03-21 16:05:26'),
(24, 'CASIO-LTP-E402G-9AVDF-1616342725172', 'LTP-E402G-9AVDF', '2021-03-21 16:05:26', '2021-03-21 16:05:26'),
(25, 'CASIO-MTP-1374D-1AVDF-1616342782639', 'MTP-1374D-1AVDF', '2021-03-21 16:06:24', '2021-03-21 16:06:24'),
(26, 'CASIO-MTP-1374D-1AVDF-1616342782640', 'MTP-1374D-1AVDF', '2021-03-21 16:06:24', '2021-03-21 16:06:24'),
(27, 'CASIO-MTP-1374D-1AVDF-1616342782641', 'MTP-1374D-1AVDF', '2021-03-21 16:06:25', '2021-03-21 16:06:25'),
(28, 'CASIO-MTP-1374D-1AVDF-1616342782638', 'MTP-1374D-1AVDF', '2021-03-21 16:06:25', '2021-03-21 16:06:25'),
(29, 'CASIO-MTP-1374D-2A-1616342820223', 'MTP-1374D-2A', '2021-03-21 16:07:01', '2021-03-21 16:07:01'),
(30, 'CASIO-MTP-1374D-2A-1616342820224', 'MTP-1374D-2A', '2021-03-21 16:07:02', '2021-03-21 16:07:02'),
(31, 'CASIO-MTP-1374D-2A-1616342820225', 'MTP-1374D-2A', '2021-03-21 16:07:02', '2021-03-21 16:07:02'),
(32, 'CASIO-MTP-1374D-2A-1616342820226', 'MTP-1374D-2A', '2021-03-21 16:07:02', '2021-03-21 16:07:02'),
(33, 'CASIO-MTP-1374D-7AVDF-1616342850247', 'MTP-1374D-7AVDF', '2021-03-21 16:07:31', '2021-03-21 16:07:31'),
(34, 'CASIO-MTP-1374D-7AVDF-1616342850249', 'MTP-1374D-7AVDF', '2021-03-21 16:07:32', '2021-03-21 16:07:32'),
(35, 'CASIO-MTP-1374D-7AVDF-1616342850250', 'MTP-1374D-7AVDF', '2021-03-21 16:07:32', '2021-03-21 16:07:32'),
(36, 'CASIO-MTP-1374D-7AVDF-1616342850248', 'MTP-1374D-7AVDF', '2021-03-21 16:07:32', '2021-03-21 16:07:32'),
(37, 'CASIO-MTP-1374L-1AVDF-1616342926716', 'MTP-1374L-1AVDF', '2021-03-21 16:08:48', '2021-03-21 16:08:48'),
(38, 'CASIO-MTP-1374L-1AVDF-1616342926713', 'MTP-1374L-1AVDF', '2021-03-21 16:08:48', '2021-03-21 16:08:48'),
(39, 'CASIO-MTP-1374L-1AVDF-1616342926715', 'MTP-1374L-1AVDF', '2021-03-21 16:08:48', '2021-03-21 16:08:48'),
(40, 'CASIO-MTP-1374L-1AVDF-1616342926717', 'MTP-1374L-1AVDF', '2021-03-21 16:08:48', '2021-03-21 16:08:48'),
(41, 'CASIO-MTP-1374L-1AVDF-1616342926714', 'MTP-1374L-1AVDF', '2021-03-21 16:08:50', '2021-03-21 16:08:50'),
(42, 'CASIO-MTP-1374L-7AVDF-1616342994782', 'MTP-1374L-7AVDF', '2021-03-21 16:09:56', '2021-03-21 16:09:56'),
(43, 'CASIO-MTP-1374L-7AVDF-1616342994784', 'MTP-1374L-7AVDF', '2021-03-21 16:09:56', '2021-03-21 16:09:56'),
(44, 'CASIO-MTP-1374L-7AVDF-1616342994785', 'MTP-1374L-7AVDF', '2021-03-21 16:09:56', '2021-03-21 16:09:56'),
(45, 'CASIO-MTP-1374L-7AVDF-1616342994783', 'MTP-1374L-7AVDF', '2021-03-21 16:09:56', '2021-03-21 16:09:56'),
(46, 'CASIO-MTP-E149L-1BVDF-1616343039061', 'MTP-E149L-1BVDF', '2021-03-21 16:10:40', '2021-03-21 16:10:40'),
(47, 'CASIO-MTP-E149L-1BVDF-1616343039063', 'MTP-E149L-1BVDF', '2021-03-21 16:10:40', '2021-03-21 16:10:40'),
(48, 'CASIO-MTP-E149L-1BVDF-1616343039064', 'MTP-E149L-1BVDF', '2021-03-21 16:10:40', '2021-03-21 16:10:40'),
(49, 'CASIO-MTP-E149L-1BVDF-1616343039062', 'MTP-E149L-1BVDF', '2021-03-21 16:10:40', '2021-03-21 16:10:40'),
(50, 'CASIO-MTP-E149L-2BVDF-1616343066943', 'MTP-E149L-2BVDF', '2021-03-21 16:11:08', '2021-03-21 16:11:08'),
(51, 'CASIO-MTP-E149L-2BVDF-1616343066946', 'MTP-E149L-2BVDF', '2021-03-21 16:11:08', '2021-03-21 16:11:08'),
(52, 'CASIO-MTP-E149L-2BVDF-1616343066944', 'MTP-E149L-2BVDF', '2021-03-21 16:11:09', '2021-03-21 16:11:09'),
(53, 'CASIO-MTP-E149L-2BVDF-1616343066945', 'MTP-E149L-2BVDF', '2021-03-21 16:11:11', '2021-03-21 16:11:11'),
(54, 'CITIZEN-AW1370-51M-1616343191165', 'AW1370-51M', '2021-03-21 16:13:13', '2021-03-21 16:13:13'),
(55, 'CITIZEN-AW1370-51M-1616343191163', 'AW1370-51M', '2021-03-21 16:13:13', '2021-03-21 16:13:13'),
(56, 'CITIZEN-AW1370-51M-1616343191162', 'AW1370-51M', '2021-03-21 16:13:14', '2021-03-21 16:13:14'),
(57, 'CITIZEN-AW1370-51M-1616343191164', 'AW1370-51M', '2021-03-21 16:13:16', '2021-03-21 16:13:16'),
(58, 'CITIZEN-BE9170-56E-1616343253559', 'BE9170-56E', '2021-03-21 16:14:15', '2021-03-21 16:14:15'),
(59, 'CITIZEN-BE9170-56E-1616343253560', 'BE9170-56E', '2021-03-21 16:14:15', '2021-03-21 16:14:15'),
(60, 'CITIZEN-BE9170-56E-1616343253558', 'BE9170-56E', '2021-03-21 16:14:15', '2021-03-21 16:14:15'),
(61, 'CITIZEN-BE9170-56E-1616343253557', 'BE9170-56E', '2021-03-21 16:14:16', '2021-03-21 16:14:16'),
(62, 'CITIZEN-BE9174-55A-1616343280554', 'BE9174-55A', '2021-03-21 16:14:42', '2021-03-21 16:14:42'),
(63, 'CITIZEN-BE9174-55A-1616343280555', 'BE9174-55A', '2021-03-21 16:14:42', '2021-03-21 16:14:42'),
(64, 'CITIZEN-BE9174-55A-1616343280557', 'BE9174-55A', '2021-03-21 16:14:42', '2021-03-21 16:14:42'),
(65, 'CITIZEN-BE9174-55A-1616343280556', 'BE9174-55A', '2021-03-21 16:14:42', '2021-03-21 16:14:42'),
(66, 'CITIZEN-BJ7010-24W-1616343316121', 'BJ7010-24W', '2021-03-21 16:15:17', '2021-03-21 16:15:17'),
(67, 'CITIZEN-BJ7010-24W-1616343316122', 'BJ7010-24W', '2021-03-21 16:15:18', '2021-03-21 16:15:18'),
(68, 'CITIZEN-BJ7010-24W-1616343316124', 'BJ7010-24W', '2021-03-21 16:15:20', '2021-03-21 16:15:20'),
(69, 'CITIZEN-BJ7010-24W-1616343316123', 'BJ7010-24W', '2021-03-21 16:15:21', '2021-03-21 16:15:21'),
(70, 'CITIZEN-BL9000-83E-1616343336472', 'BL9000-83E', '2021-03-21 16:15:38', '2021-03-21 16:15:38'),
(71, 'CITIZEN-BL9000-83E-1616343336473', 'BL9000-83E', '2021-03-21 16:15:38', '2021-03-21 16:15:38'),
(72, 'CITIZEN-BL9000-83E-1616343336474', 'BL9000-83E', '2021-03-21 16:15:38', '2021-03-21 16:15:38'),
(73, 'CITIZEN-BL9000-83E-1616343336475', 'BL9000-83E', '2021-03-21 16:15:39', '2021-03-21 16:15:39'),
(74, 'CITIZEN-BM6774-51A-1616343358864', 'BM6774-51A', '2021-03-21 16:16:00', '2021-03-21 16:16:00'),
(75, 'CITIZEN-BM6774-51A-1616343358867', 'BM6774-51A', '2021-03-21 16:16:00', '2021-03-21 16:16:00'),
(76, 'CITIZEN-BM6774-51A-1616343358866', 'BM6774-51A', '2021-03-21 16:16:00', '2021-03-21 16:16:00'),
(77, 'CITIZEN-BM6774-51A-1616343358865', 'BM6774-51A', '2021-03-21 16:16:00', '2021-03-21 16:16:00'),
(78, 'CITIZEN-EJ6130-51E-1616343380429', 'EJ6130-51E', '2021-03-21 16:16:21', '2021-03-21 16:16:21'),
(79, 'CITIZEN-EJ6130-51E-1616343380430', 'EJ6130-51E', '2021-03-21 16:16:22', '2021-03-21 16:16:22'),
(80, 'CITIZEN-EJ6130-51E-1616343380431', 'EJ6130-51E', '2021-03-21 16:16:22', '2021-03-21 16:16:22'),
(81, 'CITIZEN-EJ6130-51E-1616343380432', 'EJ6130-51E', '2021-03-21 16:16:22', '2021-03-21 16:16:22'),
(82, 'CITIZEN-EJ6134-50A-1616343404644', 'EJ6134-50A', '2021-03-21 16:16:45', '2021-03-21 16:16:45'),
(83, 'CITIZEN-EJ6134-50A-1616343404645', 'EJ6134-50A', '2021-03-21 16:16:46', '2021-03-21 16:16:46'),
(84, 'CITIZEN-EJ6134-50A-1616343404646', 'EJ6134-50A', '2021-03-21 16:16:46', '2021-03-21 16:16:46'),
(85, 'CITIZEN-EJ6134-50A-1616343404647', 'EJ6134-50A', '2021-03-21 16:16:46', '2021-03-21 16:16:46'),
(86, 'CITIZEN-EW1580-50E-1616343443694', 'EW1580-50E', '2021-03-21 16:17:24', '2021-03-21 16:17:24'),
(87, 'CITIZEN-EW1580-50E-1616343443695', 'EW1580-50E', '2021-03-21 16:17:25', '2021-03-21 16:17:25'),
(88, 'CITIZEN-EW1580-50E-1616343443697', 'EW1580-50E', '2021-03-21 16:17:25', '2021-03-21 16:17:25'),
(89, 'CITIZEN-EW1580-50E-1616343443696', 'EW1580-50E', '2021-03-21 16:17:25', '2021-03-21 16:17:25'),
(90, 'CITIZEN-EW1582-03A-1616343480740', 'EW1582-03A', '2021-03-21 16:18:02', '2021-03-21 16:18:02'),
(91, 'CITIZEN-EW1582-03A-1616343480739', 'EW1582-03A', '2021-03-21 16:18:02', '2021-03-21 16:18:02'),
(92, 'CITIZEN-EW1582-03A-1616343480738', 'EW1582-03A', '2021-03-21 16:18:03', '2021-03-21 16:18:03'),
(93, 'CITIZEN-EW1582-03A-1616343480737', 'EW1582-03A', '2021-03-21 16:18:03', '2021-03-21 16:18:03'),
(94, 'CITIZEN-NB2010-58A-1616343507503', 'NB2010-58A', '2021-03-21 16:18:28', '2021-03-21 16:18:28'),
(95, 'CITIZEN-NB2010-58A-1616343507504', 'NB2010-58A', '2021-03-21 16:18:29', '2021-03-21 16:18:29'),
(96, 'CITIZEN-NB2010-58A-1616343507506', 'NB2010-58A', '2021-03-21 16:18:29', '2021-03-21 16:18:29'),
(97, 'CITIZEN-NB2010-58A-1616343507505', 'NB2010-58A', '2021-03-21 16:18:29', '2021-03-21 16:18:29'),
(98, 'CITIZEN-NP1000-04E-1616343540505', 'NP1000-04E', '2021-03-21 16:19:01', '2021-03-21 16:19:01'),
(99, 'CITIZEN-NP1000-04E-1616343540503', 'NP1000-04E', '2021-03-21 16:19:01', '2021-03-21 16:19:01'),
(100, 'CITIZEN-NP1000-04E-1616343540504', 'NP1000-04E', '2021-03-21 16:19:02', '2021-03-21 16:19:02'),
(101, 'CITIZEN-NP1000-04E-1616343540506', 'NP1000-04E', '2021-03-21 16:19:02', '2021-03-21 16:19:02'),
(102, 'CITIZEN-NP1020-15A-1616343560585', 'NP1020-15A', '2021-03-21 16:19:22', '2021-03-21 16:19:22'),
(103, 'CITIZEN-NP1020-15A-1616343560588', 'NP1020-15A', '2021-03-21 16:19:22', '2021-03-21 16:19:22'),
(104, 'CITIZEN-NP1020-15A-1616343560586', 'NP1020-15A', '2021-03-21 16:19:22', '2021-03-21 16:19:22'),
(105, 'CITIZEN-NP1020-15A-1616343560587', 'NP1020-15A', '2021-03-21 16:19:22', '2021-03-21 16:19:22'),
(106, 'DANIEL-WELLINGTON-DW00100021-1616343643679', 'DW00100021', '2021-03-21 16:20:44', '2021-03-21 16:20:44'),
(107, 'DANIEL-WELLINGTON-DW00100021-1616343643680', 'DW00100021', '2021-03-21 16:20:45', '2021-03-21 16:20:45'),
(108, 'DANIEL-WELLINGTON-DW00100021-1616343643682', 'DW00100021', '2021-03-21 16:20:45', '2021-03-21 16:20:45'),
(109, 'DANIEL-WELLINGTON-DW00100021-1616343643681', 'DW00100021', '2021-03-21 16:20:45', '2021-03-21 16:20:45'),
(110, 'DANIEL-WELLINGTON-DW00100086-1616343677399', 'DW00100086', '2021-03-21 16:21:18', '2021-03-21 16:21:18'),
(111, 'DANIEL-WELLINGTON-DW00100086-1616343677402', 'DW00100086', '2021-03-21 16:21:18', '2021-03-21 16:21:18'),
(112, 'DANIEL-WELLINGTON-DW00100086-1616343677400', 'DW00100086', '2021-03-21 16:21:19', '2021-03-21 16:21:19'),
(113, 'DANIEL-WELLINGTON-DW00100086-1616343677401', 'DW00100086', '2021-03-21 16:21:19', '2021-03-21 16:21:19'),
(114, 'DANIEL-WELLINGTON-DW00100161-1616343696469', 'DW00100161', '2021-03-21 16:21:37', '2021-03-21 16:21:37'),
(115, 'DANIEL-WELLINGTON-DW00100161-1616343696468', 'DW00100161', '2021-03-21 16:21:37', '2021-03-21 16:21:37'),
(116, 'DANIEL-WELLINGTON-DW00100161-1616343696471', 'DW00100161', '2021-03-21 16:21:38', '2021-03-21 16:21:38'),
(117, 'DANIEL-WELLINGTON-DW00100161-1616343696470', 'DW00100161', '2021-03-21 16:21:38', '2021-03-21 16:21:38'),
(118, 'DANIEL-WELLINGTON-DW00100162-1616343713692', 'DW00100162', '2021-03-21 16:21:55', '2021-03-21 16:21:55'),
(119, 'DANIEL-WELLINGTON-DW00100162-1616343713693', 'DW00100162', '2021-03-21 16:21:55', '2021-03-21 16:21:55'),
(120, 'DANIEL-WELLINGTON-DW00100162-1616343713691', 'DW00100162', '2021-03-21 16:21:56', '2021-03-21 16:21:56'),
(121, 'DANIEL-WELLINGTON-DW00100162-1616343713694', 'DW00100162', '2021-03-21 16:21:59', '2021-03-21 16:21:59'),
(122, 'DANIEL-WELLINGTON-DW00100163-1616343732984', 'DW00100163', '2021-03-21 16:22:14', '2021-03-21 16:22:14'),
(123, 'DANIEL-WELLINGTON-DW00100163-1616343732986', 'DW00100163', '2021-03-21 16:22:14', '2021-03-21 16:22:14'),
(124, 'DANIEL-WELLINGTON-DW00100163-1616343732987', 'DW00100163', '2021-03-21 16:22:14', '2021-03-21 16:22:14'),
(125, 'DANIEL-WELLINGTON-DW00100163-1616343732985', 'DW00100163', '2021-03-21 16:22:14', '2021-03-21 16:22:14'),
(126, 'DANIEL-WELLINGTON-DW00100164-1616343750281', 'DW00100164', '2021-03-21 16:22:31', '2021-03-21 16:22:31'),
(127, 'DANIEL-WELLINGTON-DW00100164-1616343750284', 'DW00100164', '2021-03-21 16:22:31', '2021-03-21 16:22:31'),
(128, 'DANIEL-WELLINGTON-DW00100164-1616343750282', 'DW00100164', '2021-03-21 16:22:32', '2021-03-21 16:22:32'),
(129, 'DANIEL-WELLINGTON-DW00100164-1616343750283', 'DW00100164', '2021-03-21 16:22:32', '2021-03-21 16:22:32'),
(130, 'DANIEL-WELLINGTON-DW00100186-1616343771657', 'DW00100186', '2021-03-21 16:22:52', '2021-03-21 16:22:52'),
(131, 'DANIEL-WELLINGTON-DW00100186-1616343771659', 'DW00100186', '2021-03-21 16:22:52', '2021-03-21 16:22:52'),
(132, 'DANIEL-WELLINGTON-DW00100186-1616343771660', 'DW00100186', '2021-03-21 16:22:52', '2021-03-21 16:22:52'),
(133, 'DANIEL-WELLINGTON-DW00100186-1616343771658', 'DW00100186', '2021-03-21 16:22:53', '2021-03-21 16:22:53'),
(134, 'DANIEL-WELLINGTON-DW00100201-1616343867242', 'DW00100201', '2021-03-21 16:24:28', '2021-03-21 16:24:28'),
(135, 'DANIEL-WELLINGTON-DW00100201-1616343867244', 'DW00100201', '2021-03-21 16:24:29', '2021-03-21 16:24:29'),
(136, 'DANIEL-WELLINGTON-DW00100201-1616343867243', 'DW00100201', '2021-03-21 16:24:29', '2021-03-21 16:24:29'),
(137, 'DANIEL-WELLINGTON-DW00100201-1616343867241', 'DW00100201', '2021-03-21 16:24:30', '2021-03-21 16:24:30'),
(138, 'DANIEL-WELLINGTON-DW00100228-1616343893108', 'DW00100228', '2021-03-21 16:24:54', '2021-03-21 16:24:54'),
(139, 'DANIEL-WELLINGTON-DW00100228-1616343893111', 'DW00100228', '2021-03-21 16:24:54', '2021-03-21 16:24:54'),
(140, 'DANIEL-WELLINGTON-DW00100228-1616343893109', 'DW00100228', '2021-03-21 16:24:54', '2021-03-21 16:24:54'),
(141, 'DANIEL-WELLINGTON-DW00100228-1616343893110', 'DW00100228', '2021-03-21 16:24:54', '2021-03-21 16:24:54'),
(142, 'DANIEL-WELLINGTON-DW00100239-1616343917542', 'DW00100239', '2021-03-21 16:25:19', '2021-03-21 16:25:19'),
(143, 'DANIEL-WELLINGTON-DW00100239-1616343917543', 'DW00100239', '2021-03-21 16:25:19', '2021-03-21 16:25:19'),
(144, 'DANIEL-WELLINGTON-DW00100239-1616343917544', 'DW00100239', '2021-03-21 16:25:19', '2021-03-21 16:25:19'),
(145, 'DANIEL-WELLINGTON-DW00100239-1616343917541', 'DW00100239', '2021-03-21 16:25:19', '2021-03-21 16:25:19'),
(146, 'DANIEL-WELLINGTON-DW00100246-1616343948172', 'DW00100246', '2021-03-21 16:25:49', '2021-03-21 16:25:49'),
(147, 'DANIEL-WELLINGTON-DW00100246-1616343948171', 'DW00100246', '2021-03-21 16:25:50', '2021-03-21 16:25:50'),
(148, 'DANIEL-WELLINGTON-DW00100246-1616343948170', 'DW00100246', '2021-03-21 16:25:50', '2021-03-21 16:25:50'),
(149, 'DANIEL-WELLINGTON-DW00100246-1616343948169', 'DW00100246', '2021-03-21 16:25:50', '2021-03-21 16:25:50'),
(150, 'DANIEL-WELLINGTON-DW00100248-1616343969087', 'DW00100248', '2021-03-21 16:26:10', '2021-03-21 16:26:10'),
(151, 'DANIEL-WELLINGTON-DW00100248-1616343969088', 'DW00100248', '2021-03-21 16:26:11', '2021-03-21 16:26:11'),
(152, 'DANIEL-WELLINGTON-DW00100248-1616343969090', 'DW00100248', '2021-03-21 16:26:11', '2021-03-21 16:26:11'),
(153, 'DANIEL-WELLINGTON-DW00100248-1616343969089', 'DW00100248', '2021-03-21 16:26:11', '2021-03-21 16:26:11'),
(154, 'DANIEL-WELLINGTON-DW00100257-1616343986403', 'DW00100257', '2021-03-21 16:26:27', '2021-03-21 16:26:27'),
(155, 'DANIEL-WELLINGTON-DW00100257-1616343986404', 'DW00100257', '2021-03-21 16:26:28', '2021-03-21 16:26:28'),
(156, 'DANIEL-WELLINGTON-DW00100257-1616343986405', 'DW00100257', '2021-03-21 16:26:28', '2021-03-21 16:26:28'),
(157, 'DANIEL-WELLINGTON-DW00100257-1616343986406', 'DW00100257', '2021-03-21 16:26:28', '2021-03-21 16:26:28'),
(158, 'DANIEL-WELLINGTON-DW00100260-1616344007745', 'DW00100260', '2021-03-21 16:26:48', '2021-03-21 16:26:48'),
(159, 'DANIEL-WELLINGTON-DW00100260-1616344007748', 'DW00100260', '2021-03-21 16:26:49', '2021-03-21 16:26:49'),
(160, 'DANIEL-WELLINGTON-DW00100260-1616344007746', 'DW00100260', '2021-03-21 16:26:49', '2021-03-21 16:26:49'),
(161, 'DANIEL-WELLINGTON-DW00100260-1616344007747', 'DW00100260', '2021-03-21 16:26:49', '2021-03-21 16:26:49'),
(162, 'DANIEL-WELLINGTON-DW00500002-1616344027028', 'DW00500002', '2021-03-21 16:27:08', '2021-03-21 16:27:08'),
(163, 'DANIEL-WELLINGTON-DW00500002-1616344027030', 'DW00500002', '2021-03-21 16:27:09', '2021-03-21 16:27:09'),
(164, 'DANIEL-WELLINGTON-DW00500002-1616344027031', 'DW00500002', '2021-03-21 16:27:09', '2021-03-21 16:27:09'),
(165, 'DANIEL-WELLINGTON-DW00500002-1616344027029', 'DW00500002', '2021-03-21 16:27:09', '2021-03-21 16:27:09'),
(166, 'G-SHOCK-DW-6900-1616426536761', 'DW-6900', '2021-03-22 15:22:18', '2021-03-22 15:22:18'),
(167, 'G-SHOCK-DW-6900-1616426536760', 'DW-6900', '2021-03-22 15:22:19', '2021-03-22 15:22:19'),
(168, 'G-SHOCK-DW-6900-1616426536762', 'DW-6900', '2021-03-22 15:22:20', '2021-03-22 15:22:20'),
(169, 'G-SHOCK-DW-6900-1616426536759', 'DW-6900', '2021-03-22 15:22:21', '2021-03-22 15:22:21'),
(170, 'CASIO-MTP-1374L-7AVDF-1616426890506', 'MTP-1374L-7AVDF', '2021-03-22 15:28:12', '2021-03-22 15:28:12'),
(171, 'CASIO-MTP-1374L-7AVDF-1616426890503', 'MTP-1374L-7AVDF', '2021-03-22 15:28:12', '2021-03-22 15:28:12'),
(172, 'CASIO-MTP-1374L-7AVDF-1616426890505', 'MTP-1374L-7AVDF', '2021-03-22 15:28:14', '2021-03-22 15:28:14'),
(173, 'CASIO-MTP-1374L-7AVDF-1616426890502', 'MTP-1374L-7AVDF', '2021-03-22 15:28:14', '2021-03-22 15:28:14'),
(174, 'CASIO-MTP-1374L-7AVDF-1616426890504', 'MTP-1374L-7AVDF', '2021-03-22 15:28:15', '2021-03-22 15:28:15');

-- --------------------------------------------------------

--
-- Table structure for table `listcart`
--

CREATE TABLE `listcart` (
  `listCartId` int(11) NOT NULL,
  `status` int(11) NOT NULL,
  `payment` int(11) DEFAULT NULL,
  `shipping` varchar(50) DEFAULT NULL,
  `note` varchar(200) DEFAULT NULL,
  `createdAt` datetime NOT NULL,
  `updatedAt` datetime NOT NULL,
  `userId` int(11) DEFAULT NULL
) ENGINE=InnoDB DEFAULT CHARSET=utf8;

--
-- Dumping data for table `listcart`
--

INSERT INTO `listcart` (`listCartId`, `status`, `payment`, `shipping`, `note`, `createdAt`, `updatedAt`, `userId`) VALUES
(3, 0, NULL, NULL, NULL, '2021-04-03 12:37:29', '2021-04-03 12:37:29', 1);

-- --------------------------------------------------------

--
-- Table structure for table `products`
--

CREATE TABLE `products` (
  `productId` varchar(50) NOT NULL,
  `name` varchar(255) NOT NULL,
  `gender` varchar(50) DEFAULT NULL,
  `code` varchar(50) NOT NULL,
  `price` int(11) NOT NULL,
  `description` text,
  `trademarkId` int(11) NOT NULL,
  `dayAdd` datetime DEFAULT NULL,
  `amount` int(11) DEFAULT NULL,
  `createdAt` datetime NOT NULL,
  `updatedAt` datetime NOT NULL
) ENGINE=InnoDB DEFAULT CHARSET=utf8;

--
-- Dumping data for table `products`
--

INSERT INTO `products` (`productId`, `name`, `gender`, `code`, `price`, `description`, `trademarkId`, `dayAdd`, `amount`, `createdAt`, `updatedAt`) VALUES
('AW1370-51M', 'CITIZEN AW1370-51M', 'Nam', 'AW1370-51M', 4347000, 'Mẫu Citizen AW1370-51M phiên bản thời trang với mặt số tông nền xanh mang đến cho phái mạnh vẻ ngoài trẻ trung và nổi trội với trang bị công nghệ hiện đại Eco-Drive (Năng lượng ánh sáng).', 2, '2020-11-17 17:00:00', 10, '2020-11-18 16:40:36', '2020-11-22 15:39:48'),
('B650WC-5ADF', 'CASIO B650WC-5ADF', 'Nữ', 'B650WC-5ADF', 1763000, 'Mẫu Casio B650WC-5ADF mặt đồng hồ vuông với thiết kế theo phong cách hoài cổ mặt số điện tử kèm theo nhiều chức năng tiện ích cho người dùng, dây đeo kim loại phối tông màu vàng hồng tạo nên vẻ trẻ trung.', 1, '2020-11-16 17:00:00', 10, '2020-11-16 17:35:01', '2020-11-22 15:39:48'),
('B650WD-1ADF', 'CASIO B650WD-1ADF', 'Nam', 'B650WD-1ADF', 987000, 'Mẫu Casio B650WD-1ADF thiết kế mặt số vuông được các bạn trẻ ưa chuộng, với nền mặt số điện tử hiện thị nhiều tính năng tiện ích phù hợp cho các hoạt động phượt dã ngoại hoặc thể thao.', 1, '2020-11-16 17:00:00', 10, '2020-11-16 17:37:32', '2020-11-22 15:39:48'),
('BE9170-56E', 'Citizen BE9170-56E', 'Nam', 'BE9170-56E', 4950000, 'Mẫu Citizen BE9170-56E vẻ ngoài nam tính đầy giản dị với nền mặt số tông màu đen, các vạch số được gia công kiểu dáng mỏng 1 cách tinh tế, nổi bật phần kim giây với thiết kế kiểu không đồng trục tạo nên sự độc đáo.', 2, '2020-11-17 17:00:00', 10, '2020-11-18 16:01:29', '2020-11-22 15:39:48'),
('BE9174-55A', 'CITIZEN BE9174-55A', 'Nam', 'BE9174-55A', 4500000, 'Mẫu Citizen BE9174-55A với thiết kế tôn lên vẻ tinh tế với các chi tiết kim chỉ cùng vạch số thanh mảnh sang trọng đầy quý phái với mẫu dây đeo demi thời trang.', 2, '2020-11-17 17:00:00', 10, '2020-11-18 15:38:07', '2020-11-22 15:39:48'),
('BJ7010-24W', 'Citizen BJ7010-24W', 'Nam', 'BJ7010-24W', 8170000, 'Đồng hồ cao cấp Citizen  Eco Drive được đánh giá là “chìa khóa thành công” mang đến đế chế vững mạnh cho Citizen cho đến thời điểm này. Sản phẩm Eco Drive sử dụng công nghệ high-tech hoạt động nhờ vào năng lượng được chuyển hóa từ ánh sáng của bất cứ nguồn sáng nào.', 2, '2020-11-17 17:00:00', 10, '2020-11-18 16:37:24', '2020-11-22 15:39:48'),
('BL9000-83E', 'Citizen BL9000-83E', 'Nam', 'BL9000-83E', 15360000, 'Citizen BL9000-83E là sản phẩm được thiết kế tinh tế, hiện đại với sự kết hợp hoàn hảo giữa kỹ thuật chế tạo đồng hồ nổi tiếng của Nhật Bản, cùng với đó là phong cách thời trang đẳng cấp luôn mang lại nét trẻ trung, lịch lãm cho phái mạnh.', 2, '2020-11-17 17:00:00', 10, '2020-11-18 16:24:52', '2020-11-22 15:39:48'),
('BM6774-51A', 'Citizen BM6774-51A', 'Nam', 'BM6774-51A', 6180000, 'CITIZEN NAM – ECO-DRIVE (NĂNG LƯỢNG ÁNH SÁNG) – KÍNH SAPPHIRE lịch lãm với mặt đồng hồ tròn màu trắng viền vàng, chữ số La Mã mạ vàng, dây đeo demi thời trang, 3 kim chỉ, 1 lịch ngày.', 2, '2020-11-17 17:00:00', 10, '2020-11-18 15:51:02', '2020-11-22 15:39:48'),
('DW-6900', 'Casio G-SHOCK DW-6900', 'Nam', 'DW-6900', 200000, 'Mẫu đồng hồ Casio DW-6900 mạnh mẽ và đầy nam tính với gam màu đen xám nổi bật của một phong cách bụi bặm dành cho nam dưới. Chiếc đồng hồ này là một sự lựa chọn thông minh dành cho những quý ông hay đi phượt, ưa thích phưu lưu mạo hiểm.', 6, '2021-03-11 17:00:00', 10, '2021-03-12 14:37:22', '2021-03-12 14:37:22'),
('DW00100021', 'Daniel Wellington DW00100021\n', 'Nam', 'DW00100021', 5000000, 'Đồng hồ Daniel Wellington DW00100021 có thiết kế cổ điển khi mặt số tròn kết hợp với dây đeo da màu nâu bóng, kim chỉ và vạch số được dát mỏng tinh tế nổi bật trên nền số màu trắng trang nhã, tạo nên phụ kiện thời trang mang đến nét nam tính lịch lãm.', 3, '2020-11-18 17:00:00', 10, '2020-11-19 16:17:03', '2020-11-22 15:39:48'),
('DW00100086', 'Daniel Wellington DW00100086', 'Nam', 'DW00100086', 4800000, 'Đồng hồ Daniel Wellington DW00100086 có mặt số tròn tinh tế, kim chỉ màu xanh dương độc đáo cùng vạch số La Mã phủ màu đen nổi bật trên nền số màu trắng trang nhã, dây da nâu trơn mang lại phong cách thời trang.', 3, '2020-11-18 17:00:00', 10, '2020-11-19 16:08:31', '2020-11-22 15:39:48'),
('DW00100161', 'Daniel Wellington DW00100161', 'Nữ', 'DW00100161', 4000000, 'Mẫu đồng hồ nữ Daniel Wellington DW00100161 khi kết hợp giữa vỏ máy cùng dây đeo kim loại dạng lưới cùng chung tông màu vàng hồng tạo nên phụ kiện thời trang trẻ trung dành riêng cho phái đẹp.', 3, '2020-11-17 17:00:00', 10, '2020-11-18 17:05:33', '2020-11-22 15:39:48'),
('DW00100162', 'Daniel Wellington DW00100162', 'Nam', 'DW00100162', 4100000, 'Mẫu đồng hồ nữ với thiết kế giản dị đến từ hãng Daniel Wellington DW00100162 kim chỉ cùng vạch số được gia công kiểu dáng thanh mảnh mang lại vẻ nữ tính trên nền mặt số tông màu đen huyền bí.', 3, '2020-11-18 17:00:00', 10, '2020-11-19 04:55:58', '2020-11-22 15:39:48'),
('DW00100163', 'Daniel Wellington DW00100163', 'Nữ', 'DW00100163', 4100000, 'Mẫu đồng hồ nữ Daniel Wellington DW00100163 kim chỉ cùng vạch số được gia công kiểu dáng thanh mảnh trên nền mặt số tông màu trắng trang trọng, phối cùng bô dây đeo kim loại dạng lưới vàng hồng thời trang.', 3, '2020-11-17 17:00:00', 10, '2020-11-18 17:08:46', '2020-11-22 15:39:48'),
('DW00100164', 'Daniel Wellington DW00100164', 'Nữ', 'DW00100164', 4100000, 'Mẫu đồng hồ thiết kế phong cách giản dị đến từ hãng Daniel Wellington DW00100164 dành cho nữ, kim chỉ cùng vạch số được gia công kiểu dáng thanh mảnh, sự kết hợp hài hòa giữa nền mặt số trắng cùng dây đeo kim loại lưới màu bạc.', 3, '2020-11-18 17:00:00', 10, '2020-11-19 04:58:07', '2020-11-22 15:39:48'),
('DW00100186', 'Daniel Wellington DW00100186', 'Nữ', 'DW00100186', 3800000, 'Mẫu đồng hồ nữ DW00100186 kiểu dáng đặc trưng giản dị đến từ thương hiệu Daniel Wellington, mặt số tròn nhỏ kết hợp cùng mẫu dây da trơn mang lại vẻ thanh lịch cho các phái đẹp.', 3, '2020-11-18 17:00:00', 10, '2020-11-19 16:12:56', '2020-11-22 15:39:48'),
('DW00100201', 'Daniel Wellington DW00100201', 'Nữ', 'DW00100201', 4100000, 'Mẫu đồng hồ nữ Daniel Wellington DW00100201 mang lại vẻ thời trang đến từ mẫu dây đeo kim loại dạng dây lưới với tông màu đen cá tính trẻ trung khi kết hợp cùng chi tiết vạch số kim chỉ màu vàng hồng.', 3, '2020-11-18 17:00:00', 10, '2020-11-19 05:03:07', '2020-11-22 15:39:48'),
('DW00100228', 'Daniel Wellington DW00100228', 'Nữ', 'DW00100228', 3500000, 'Mẫu đồng hồ nữ DW00100228 mặt số 28mm tròn nhỏ nữ tính, kiểu dáng giản dị 2 kim với chi tiết kim chỉ vạch số vàng hồng mang lại vẻ trẻ trung thanh lịch đến từ thương hiệu Daniel Wellington.', 3, '2020-11-18 17:00:00', 10, '2020-11-19 16:28:36', '2021-03-04 07:01:39'),
('DW00100239', 'Daniel Wellington DW00100239', 'Nữ', 'DW00100239', 3400000, 'Mẫu đồng hồ DW00100239 mặt số tròn nhỏ thanh mảnh đầy nữ tính đến từ thương hiệu Daniel Wellington các chi tiết vỏ máy cùng vạch số được phủ tông màu vàng nâu khoác lên sự trẻ trung thanh lịch.', 3, '2020-11-18 17:00:00', 10, '2020-11-19 15:55:28', '2020-11-22 15:39:48'),
('DW00100246', 'Daniel Wellington DW00100246', 'Nữ', 'DW00100246', 3600000, 'Mẫu đồng hồ nữ Daniel Wellington DW00100246 các chi tiết vạch số được tạo hình mỏng tinh tế khi cùng với tổng thể tông màu đen quyến rủ kết hợp cùng mẫu dây đeo kim loại dạng lưới phong cách thời trang.', 3, '2020-11-18 17:00:00', 10, '2020-11-19 05:04:22', '2020-11-22 15:39:48'),
('DW00100248', 'Daniel Wellington DW00100248', 'Nữ', 'DW00100248', 3000000, 'Mẫu đồng hồ nữ DW00100248 với nét đặc trưng giản dị đến từ thương hiệu Daniel Wellington với tổng thể vỏ máy kim chỉ được bao phủ tông màu đen kết hợp cùng mẫu dây đeo chất liệu vải mang phong cách trẻ trung.', 3, '2020-11-18 17:00:00', 10, '2020-11-19 16:20:10', '2020-11-22 15:39:48'),
('DW00100257', 'Daniel Wellington DW00100257', 'Nam', 'DW00100257', 4500000, 'Mẫu đồng hồ DW00100257 phong cách giản dị mang đặc trưng khó tả đến từ hãng Daniel Wellington các chi tiết vạch số cho đến phần vỏ máy đều được tạo hình mỏng kết hợp cùng mẫu dây vải khoác lên vẻ trẻ trung.', 3, '2020-11-18 17:00:00', 10, '2020-11-19 16:26:28', '2020-11-22 15:39:48'),
('DW00100260', 'Daniel Wellington DW00100260', 'Nữ', 'DW00100260', 3600000, 'Mẫu đồng hồ nữ DW00100260 với phong cách giản dị đặc trưng đến từ thương hiệu Daniel Wellington thanh lịch với các chi tiết vạch số cho đến thiết kế bộ máy được tạo dáng mỏng kết hợp cùng mẫu dây vải thời trang.', 3, '2020-11-18 17:00:00', 10, '2020-11-19 16:22:49', '2020-11-22 15:39:48'),
('DW00500002', 'Daniel Wellington DW00500002', 'Nam', 'DW00500002', 5000000, 'Vẻ điển trai đầy lịch lãm với mẫu Daniel Wellington DW00500002 được phối tông màu dây da nâu, sự giản dị của chiếc đồng hồ 2 kim ẩn chứa bên trọng sự tinh tế với các chi tiết vạch số cùng kim chỉ tạo hình mỏng.\n\n', 3, '2020-11-18 17:00:00', 10, '2020-11-19 05:07:46', '2020-11-22 15:39:48'),
('EFV-540D-7AVUDF', 'CASIO EFV-540D-7AVUDF', 'Nam', 'EFV-540D-7AVUDF', 2561000, 'Mẫu đồng hồ EFV-540D-7AVUDF thuộc dòng Edifice đến từ thương hiệu Casio với kiểu dáng 6 kim kèm theo tính năng Chronograph mang lại vẻ ngoài nam tính cùng khả năng chịu nước đầy ấn tượng 10 ATM.', 1, '2020-11-16 17:00:00', 10, '2020-11-16 18:07:12', '2020-11-22 15:39:48'),
('EFV-570D-7AVUDF', 'CASIO EFV-570D-7AVUDF', 'Nam', 'EFV-570D-7AVUDF', 3361000, 'Mẫu Casio EFV-570D-7AVUDF nổi bật với kiểu dáng 6 kim kèm tính năng Chronograph đo thời gian vượt trội đặc trưng thuộc dòng Edifice dành cho các tín đồ yêu thích phong cách thể thao nhưng lại khoác trên mình vẻ ngoài lịch lãm.', 1, '2020-11-16 17:00:00', 10, '2020-11-16 18:04:38', '2020-11-22 15:39:48'),
('EJ6130-51E', 'Citizen EJ6130-51E', 'Nữ', 'EJ6130-51E', 3700000, 'Mẫu Citizen EJ6130-51E với thiết kế Được thiết kế với đường kính mặt số 30mm, bề dày mặt số 7mm phù hợp với những bạn gái có cổ tay thon gọn và nhỏ.', 2, '2020-11-17 17:00:00', 10, '2020-11-18 16:11:50', '2020-11-22 15:39:48'),
('EJ6134-50A', 'Citizen EJ6134-50A', 'Nữ', 'EJ6134-50A', 4100000, 'Mẫu Citizen EJ6134-50A dành riêng cho phái đẹp với phần vỏ viền ngoài được gia công tỉ mỉ đính kèm các viên pha lê xung quanh viền kết hợp cùng chi tiết kim chỉ mạ vàng tạo nên phụ kiện thời trang.', 2, '2020-11-17 17:00:00', 10, '2020-11-18 16:07:11', '2020-11-22 15:39:48'),
('EW1580-50E', 'Citizen EW1580-50E', 'Nữ', 'EW1580-50E', 5720000, 'Đồng hồ thời trang nữ Citizen EW1580-50E với nền số màu đen sang trọng, kim chỉ và vạch số được mạ bạc tinh tế nổi bật, lịch ngày vị trí 3h tiện dụng, dây đeo kim loại mang đến cho phái nữ vẻ trang nhã, quyến rũ.', 2, '2020-11-17 17:00:00', 10, '2020-11-18 15:42:14', '2020-11-22 15:39:48'),
('EW1582-03A', 'Citizen EW1582-03A', 'Nữ', 'EW1582-03A', 5410000, 'Đồng hồ mạ vàng dây da nữ Citizen EW1582-03A, mặt đồng hồ màu trắng viền vàng 3 kim, chữ số La Mã mạ vàng, dây da màu đen có vân, vỏ thép không gỉ mạ vàng.', 2, '2020-11-17 17:00:00', 10, '2020-11-18 15:44:59', '2020-11-22 15:39:48'),
('LTP-1308D-4AVDF', 'CASIO LTP-1308D-4AVDF', 'Nữ', 'LTP-1308D-4AVDF', 1222000, 'Đồng hồ thời trang Casio LTP-1308D-4AVDF dành cho nữ giới, mặt đồng hồ nền hồng duyên dáng, mặt số 3 kim đơn giản.', 1, '2020-11-16 17:00:00', 10, '2020-11-16 18:11:24', '2020-11-22 15:39:48'),
('LTP-E402G-9AVDF', 'CASIO LTP-E402G-9AVDF', 'Nữ', 'LTP-E402G-9AVDF', 3455000, 'Đồng hồ nữ Casio LTP-E402G-9AVDF với niềng được bo tròn nữ tính, nền số màu vàng có kim chỉ và gạch số được mạ vàng sang trọng, dây đeo kim loại được làm cong quyến rũ.', 1, '2020-11-16 17:00:00', 10, '2020-11-16 18:14:30', '2020-11-22 15:39:48'),
('MTP-1374D-1AVDF', 'CASIO MTP-1374D-1AVDF', 'Nam', 'MTP-1374D-1AVDF', 2468000, 'Đồng hồ Casio MTP-1374D-1AVDF có mặt số tròn lớn với nền số màu đen manh mẽ, kim chỉ và vạch số phủ phản quang nổi bật, dây đeo kim loại chắc chắn mạ bạc sáng bóng, đem lại phong cách thời trang lịch lãm nam tính cho phái mạnh.', 1, '2020-11-16 17:00:00', 10, '2020-11-16 18:01:15', '2020-11-22 15:39:48'),
('MTP-1374D-2A', 'Casio MTP-1374D-2A', 'Nam', 'MTP-1374D-2A', 1974000, 'Đồng hồ thể thao dây da Casio MTP-1374D-2A dành cho nam giới, vỏ bàng thép không gỉ, dây da màu đen, mặt kính Sapphire chống trầy, mặt số đồng hồ màu đen có viền trắng và có 3 kim.', 1, '2020-11-16 17:00:00', 10, '2020-11-16 18:24:58', '2020-11-22 15:39:48'),
('MTP-1374D-7AVDF', 'CASIO MTP-1374D-7AVDF', 'Nam', 'MTP-1374D-7AVDF', 1974000, 'Đồng hồ Casio MTP-1374D-7AVDF với niềng kim loại được phủ màu đen nổi bật bao quanh nền số màu bạc sang trọng, kim chỉ và vạch số được phủ phản quang nổi bật.', 1, '2020-11-16 17:00:00', 10, '2020-11-16 18:27:34', '2020-11-22 15:39:48'),
('MTP-1374L-1AVDF', 'CASIO MTP-1374L-1AVDF', 'Nam', 'MTP-1374L-1AVDF', 1863000, 'Đồng hồ Casio MTP-1374L-1AVDF đi kèm dây da Genuine chất lượng màu đen tuyền. Mặt dây dập vân cá sấu sang trọng, chỉ khâu viên có màu trắng tạo cảm giác thể thao rõ nét cũng như nhấn mạnh thêm chủ đề đen-trắng mà tổng thể hướng đến.', 1, '2020-11-16 17:00:00', 10, '2020-11-16 17:48:41', '2020-11-22 15:39:48'),
('MTP-1374L-7AVDF', 'Casio MTP-1374L-7AVDF', 'Nam', 'MTP-1374L-7AVDF', 1904000, 'Đồng hồ thời trang nam sang trọng Casio MTP-1374L-7AVDF mặt đồng hồ có nền trắng viền vàng, dây da có vân.', 1, '2020-11-16 17:00:00', 10, '2020-11-16 17:24:21', '2020-11-22 15:39:48'),
('MTP-E149L-1BVDF', 'CASIO MTP-E149L-1BVDF', 'Nam', 'MTP-E149L-1BVDF', 1880000, 'Mẫu Casio MTP-E149L-1BVDF mang trên mình vẻ ngoài lịch lãm với phiên bản dây da vân đen đầy nam tính, nền cọc số la mã được tạo nét mỏng cách tân khoác lên vẻ trẻ trung cho phái mạnh.', 1, '2020-11-16 17:00:00', 10, '2020-11-16 18:18:20', '2020-11-22 15:39:48'),
('MTP-E149L-2BVDF', 'Casio MTP-E149L-2BVDF', 'Nam', 'MTP-E149L-2BVDF', 1880000, 'Đồng hồ thể thao dây da Casio MTP-E149L-2BVDF dành cho nam giới, vỏ bàng thép không gỉ, dây da màu đen, mặt kính Sapphire chống trầy, mặt số đồng hồ màu đen có viền trắng và có 3 kim.', 1, '2020-11-16 17:00:00', 10, '2020-11-16 18:21:58', '2020-11-22 15:39:48'),
('NB2010-58A', 'Citizen NB2010-58A', 'Nam', 'NB2010-58A', 18100000, 'Chiếc đồng hồ Citizen NB2010-58A dành riêng cho nam giới thuộc bộ sưu tập Citizen Mech và đây được đánh giá là một trong những bộ sưu tập huyền thoại trong làng đồng hồ thế giới bởi vẻ ngoài đầy “chất lừ” của nó và chất lượng đỉnh cao trong khâu sản xuất của thương hiệu lừng danh này.', 2, '2020-11-17 17:00:00', 10, '2020-11-18 16:32:19', '2020-11-22 15:39:48'),
('NP1000-04E', 'Citizen NP1000-04E', 'Nam', 'NP1000-04E', 11500000, 'Đồng hồ thể thao dây da Citizen NP1000-04E dành cho nam giới, vỏ bàng thép không gỉ, dây da màu đen, mặt kính Sapphire chống trầy, mặt số đồng hồ màu đen có viền trắng và có 3 kim.', 2, '2020-11-16 17:00:00', 10, '2020-11-16 18:54:46', '2020-11-22 15:39:48'),
('NP1020-15A', 'Citizen NP1020-15A', 'Nam', 'NP1020-15A', 8450000, 'Vẻ ngoài quý ông lịch lãm với mẫu Citizen NP1020-15A với thiết kế độc đáo cùng ô chân kính trong suốt phô diễn ra 1 phần bên trong của bộ máy cơ chứa đựng cả một trải nghiệm đầy nam tính.', 2, '2020-11-17 17:00:00', 10, '2020-11-18 16:28:56', '2020-11-22 15:39:48');

-- --------------------------------------------------------

--
-- Table structure for table `province`
--

CREATE TABLE `province` (
  `id` int(11) NOT NULL,
  `name` varchar(255) DEFAULT NULL,
  `type` varchar(255) DEFAULT NULL,
  `location` text,
  `createdAt` datetime NOT NULL,
  `updatedAt` datetime NOT NULL
) ENGINE=InnoDB DEFAULT CHARSET=utf8;

--
-- Dumping data for table `province`
--

INSERT INTO `province` (`id`, `name`, `type`, `location`, `createdAt`, `updatedAt`) VALUES
(1, 'Thành phố Hà Nội', 'Thành phố Trung ương', 'https://www.google.com/maps/embed?pb=!1m18!1m12!1m3!1d476860.81569553603!2d105.3724142157193!3d20.97358340051186!2m3!1f0!2f0!3f0!3m2!1i1024!2i768!4f13.1!3m3!1m2!1s0x3135008e13800a29%3A0x2987e416210b90d!2sHanoi%2C%20Vietnam!5e0!3m2!1sen!2s!4v1605496498496!5m2!1sen!2s', '2021-04-03 13:32:31', '2021-04-03 13:32:31'),
(2, 'Tỉnh Hà Giang', 'Tỉnh', 'https://www.google.com/maps/embed?pb=!1m18!1m12!1m3!1d117721.46140412733!2d104.9289971067629!3d22.77296305391601!2m3!1f0!2f0!3f0!3m2!1i1024!2i768!4f13.1!3m3!1m2!1s0x36cc79b180b4239d%3A0xb7a373a73bc23544!2sH%C3%A0%20Giang%2C%20Ha%20Giang%2C%20Vietnam!5e0!3m2!1sen!2s!4v1605496986299!5m2!1sen!2s', '2021-04-03 13:32:31', '2021-04-03 13:32:31'),
(3, 'Tỉnh Cao Bằng', 'Tỉnh', 'https://www.google.com/maps/embed?pb=!1m18!1m12!1m3!1d58911.13255866588!2d106.2211752602298!3d22.655809905035607!2m3!1f0!2f0!3f0!3m2!1i1024!2i768!4f13.1!3m3!1m2!1s0x36ca643b852c0327%3A0xf7278f9b5a7c6921!2sCao%20B%E1%BA%B1ng%2C%20Cao%20Bang%2C%20Vietnam!5e0!3m2!1sen!2s!4v1605497010294!5m2!1sen!2s', '2021-04-03 13:32:31', '2021-04-03 13:32:31'),
(4, 'Tỉnh Bắc Kạn', 'Tỉnh', 'https://www.google.com/maps/embed?pb=!1m18!1m12!1m3!1d945187.8384884135!2d105.27830962913292!3d22.272686204018004!2m3!1f0!2f0!3f0!3m2!1i1024!2i768!4f13.1!3m3!1m2!1s0x36cae0484a85eb4d%3A0xbf0390482b496ed0!2zQuG6r2MgS-G6oW4gUHJvdmluY2UsIFZpZXRuYW0!5e0!3m2!1sen!2s!4v1605497030865!5m2!1sen!2s', '2021-04-03 13:32:31', '2021-04-03 13:32:31'),
(5, 'Tỉnh Tuyên Quang', 'Tỉnh', 'https://www.google.com/maps/embed?pb=!1m18!1m12!1m3!1d118557.54142076586!2d105.16381181148286!3d21.783234358468214!2m3!1f0!2f0!3f0!3m2!1i1024!2i768!4f13.1!3m3!1m2!1s0x3134adfba5491ee1%3A0x747dc14b37c6b7e9!2sTuy%C3%AAn%20Quang%2C%20Vietnam!5e0!3m2!1sen!2s!4v1605497082928!5m2!1sen!2s', '2021-04-03 13:32:31', '2021-04-03 13:32:31'),
(6, 'Tỉnh Lào Cai', 'Tỉnh', 'https://www.google.com/maps/embed?pb=!1m18!1m12!1m3!1d236049.54216893387!2d103.83939843618651!3d22.418707026763293!2m3!1f0!2f0!3f0!3m2!1i1024!2i768!4f13.1!3m3!1m2!1s0x36cd15b54212a913%3A0xfe709c58b76a9605!2sL%C3%A0o%20Cai%2C%20Lao%20Cai%2C%20Vietnam!5e0!3m2!1sen!2s!4v1605506354958!5m2!1sen!2s', '2021-04-03 13:32:31', '2021-04-03 13:32:31'),
(7, 'Tỉnh Điện Biên', 'Tỉnh', 'https://www.google.com/maps/embed?pb=!1m18!1m12!1m3!1d59430.20425779136!2d103.006150354599!3d21.413998319614244!2m3!1f0!2f0!3f0!3m2!1i1024!2i768!4f13.1!3m3!1m2!1s0x312d085cec10365d%3A0x37a7fddbe27cbe64!2zxJBp4buHbiBCacOqbiBQaOG7pywgRGllbiBCaWVuLCBWaWV0bmFt!5e0!3m2!1sen!2s!4v1605506387509!5m2!1sen!2s', '2021-04-03 13:32:31', '2021-04-03 13:32:31'),
(8, 'Tỉnh Lai Châu', 'Tỉnh', 'https://www.google.com/maps/embed?pb=!1m18!1m12!1m3!1d118051.36056831143!2d103.36962877266319!3d22.38739810405767!2m3!1f0!2f0!3f0!3m2!1i1024!2i768!4f13.1!3m3!1m2!1s0x36d2a1867bf6f19d%3A0x34cc461c8d0001b8!2sLai%20Ch%C3%A2u%2C%20Lai%20Chau%2C%20Vietnam!5e0!3m2!1sen!2s!4v1605506405755!5m2!1sen!2s', '2021-04-03 13:32:31', '2021-04-03 13:32:31'),
(9, 'Tỉnh Sơn La', 'Tỉnh', 'https://www.google.com/maps/embed?pb=!1m18!1m12!1m3!1d237833.12972360576!2d103.77532835481203!3d21.34486774311348!2m3!1f0!2f0!3f0!3m2!1i1024!2i768!4f13.1!3m3!1m2!1s0x31328b2c10d8b64d%3A0x4ef8b9266822073a!2sS%C6%A1n%20La%2C%20Son%20La%2C%20Vietnam!5e0!3m2!1sen!2s!4v1605506428840!5m2!1sen!2s', '2021-04-03 13:32:31', '2021-04-03 13:32:31'),
(10, 'Tỉnh Yên Bái', 'Tỉnh', 'https://www.google.com/maps/embed?pb=!1m18!1m12!1m3!1d59579.29562456815!2d105.3936598029942!3d21.044447471005505!2m3!1f0!2f0!3f0!3m2!1i1024!2i768!4f13.1!3m3!1m2!1s0x31345de05e400df3%3A0xdebe9f1e26a4c8c4!2zWcOqbiBCw6BpLCBCYSBWw6wsIEhhbm9pLCBWaWV0bmFt!5e0!3m2!1sen!2s!4v1605506453531!5m2!1sen!2s', '2021-04-03 13:32:31', '2021-04-03 13:32:31'),
(11, 'Tỉnh Hoà Bình', 'Tỉnh', 'https://www.google.com/maps/embed?pb=!1m18!1m12!1m3!1d119319.47809267227!2d105.2550950447739!3d20.842457700183004!2m3!1f0!2f0!3f0!3m2!1i1024!2i768!4f13.1!3m3!1m2!1s0x31346b3d7316a685%3A0x13290cb31d1def29!2sHoa%20Binh%2C%20Vietnam!5e0!3m2!1sen!2s!4v1605506577810!5m2!1sen!2s', '2021-04-03 13:32:31', '2021-04-03 13:32:31'),
(12, 'Tỉnh Thái Nguyên', 'Tỉnh', 'https://www.google.com/maps/embed?pb=!1m18!1m12!1m3!1d118726.88541653137!2d105.73344875775625!3d21.577522597923362!2m3!1f0!2f0!3f0!3m2!1i1024!2i768!4f13.1!3m3!1m2!1s0x313526e41a2f48ff%3A0x9af085049fb0466f!2sTh%C3%A1i%20Nguy%C3%AAn%2C%20Thai%20Nguyen%2C%20Vietnam!5e0!3m2!1sen!2s!4v1605506602700!5m2!1sen!2s', '2021-04-03 13:32:31', '2021-04-03 13:32:31'),
(13, 'Tỉnh Lạng Sơn', 'Tỉnh', 'https://www.google.com/maps/embed?pb=!1m18!1m12!1m3!1d118497.51473591104!2d106.67696406280551!3d21.855709788564155!2m3!1f0!2f0!3f0!3m2!1i1024!2i768!4f13.1!3m3!1m2!1s0x36b54e779f3306a9%3A0x4d0e88116ffb61b9!2zTOG6oW5nIFPGoW4sIFZpZXRuYW0!5e0!3m2!1sen!2s!4v1605506626625!5m2!1sen!2s', '2021-04-03 13:32:31', '2021-04-03 13:32:31'),
(14, 'Tỉnh Quảng Ninh', 'Tỉnh', 'https://www.google.com/maps/embed?pb=!1m18!1m12!1m3!1d952578.4264154421!2d106.71318501022348!3d21.152021088070658!2m3!1f0!2f0!3f0!3m2!1i1024!2i768!4f13.1!3m3!1m2!1s0x314b01d79a78852f%3A0xed0779f4f0a5866a!2zUXXhuqNuZyBOaW5oLCBWaWV0bmFt!5e0!3m2!1sen!2s!4v1605506688128!5m2!1sen!2s', '2021-04-03 13:32:31', '2021-04-03 13:32:31'),
(15, 'Tỉnh Bắc Giang', 'Tỉnh', 'https://www.google.com/maps/embed?pb=!1m18!1m12!1m3!1d475571.21838017117!2d106.17660302037537!3d21.374143535473962!2m3!1f0!2f0!3f0!3m2!1i1024!2i768!4f13.1!3m3!1m2!1s0x313510a9b346cfed%3A0x3c424c5b50eb50c8!2sBac%20Giang%2C%20Vietnam!5e0!3m2!1sen!2s!4v1605506720425!5m2!1sen!2s', '2021-04-03 13:32:31', '2021-04-03 13:32:31'),
(16, 'Tỉnh Phú Thọ', 'Tỉnh', 'https://www.google.com/maps/embed?pb=!1m18!1m12!1m3!1d118858.95789995031!2d105.15941155485484!3d21.415781263906208!2m3!1f0!2f0!3f0!3m2!1i1024!2i768!4f13.1!3m3!1m2!1s0x31349ac6c4ecd49b%3A0xb2a8129b203912ca!2zUGjDuiBUaOG7jSwgUGh1IFRobyBQcm92aW5jZSwgVmlldG5hbQ!5e0!3m2!1sen!2s!4v1605506804232!5m2!1sen!2s', '2021-04-03 13:32:31', '2021-04-03 13:32:31'),
(17, 'Tỉnh Vĩnh Phúc', 'Tỉnh', 'https://www.google.com/maps/embed?pb=!1m18!1m12!1m3!1d475606.0715662847!2d105.27805549690451!3d21.363412041960686!2m3!1f0!2f0!3f0!3m2!1i1024!2i768!4f13.1!3m3!1m2!1s0x3134e54d82ea2dbb%3A0xc0d08e3fe11b105f!2sVinh%20Phuc%20Province%2C%20Vietnam!5e0!3m2!1sen!2s!4v1605506827534!5m2!1sen!2s', '2021-04-03 13:32:31', '2021-04-03 13:32:31'),
(18, 'Tỉnh Bắc Ninh', 'Tỉnh', 'https://www.google.com/maps/embed?pb=!1m18!1m12!1m3!1d119054.48999661813!2d106.00759505056762!3d21.174163659735616!2m3!1f0!2f0!3f0!3m2!1i1024!2i768!4f13.1!3m3!1m2!1s0x31350c5b3464ae51%3A0x1a3035b9749102f9!2sB%E1%BA%AFc%20Ninh%2C%20Bac%20Ninh%20Province%2C%20Vietnam!5e0!3m2!1sen!2s!4v1605506845307!5m2!1sen!2s', '2021-04-03 13:32:31', '2021-04-03 13:32:31'),
(19, 'Tỉnh Hải Dương', 'Tỉnh', 'https://www.google.com/maps/embed?pb=!1m18!1m12!1m3!1d119241.19068449478!2d106.25438744648365!3d20.9409781900244!2m3!1f0!2f0!3f0!3m2!1i1024!2i768!4f13.1!3m3!1m2!1s0x31359b46ef2fba69%3A0x2c3c5975d0eceb2e!2zSOG6o2kgRMawxqFuZywgSGFpIER1b25nLCBWaWV0bmFt!5e0!3m2!1sen!2s!4v1605506862007!5m2!1sen!2s', '2021-04-03 13:32:31', '2021-04-03 13:32:31'),
(20, 'Thành phố Hải Phòng', 'Thành phố Trung ương', 'https://www.google.com/maps/embed?pb=!1m18!1m12!1m3!1d59658.01214461228!2d106.66372700214939!3d20.846813504326633!2m3!1f0!2f0!3f0!3m2!1i1024!2i768!4f13.1!3m3!1m2!1s0x314a7af39e3f1ad3%3A0xa5ffc85ff87a07e8!2sHai%20Phong%2C%20Vietnam!5e0!3m2!1sen!2s!4v1605506878958!5m2!1sen!2s', '2021-04-03 13:32:31', '2021-04-03 13:32:31'),
(21, 'Tỉnh Hưng Yên', 'Tỉnh', 'https://www.google.com/maps/embed?pb=!1m18!1m12!1m3!1d238689.78050039065!2d105.9406717660085!3d20.810382079390436!2m3!1f0!2f0!3f0!3m2!1i1024!2i768!4f13.1!3m3!1m2!1s0x3135af35301d265d%3A0xa7a9ea16cfd6d482!2sHung%20Yen%2C%20Vietnam!5e0!3m2!1sen!2s!4v1605506910167!5m2!1sen!2s', '2021-04-03 13:32:31', '2021-04-03 13:32:31'),
(22, 'Tỉnh Thái Bình', 'Tỉnh', 'https://www.google.com/maps/embed?pb=!1m18!1m12!1m3!1d478347.8993060695!2d106.08999973195061!3d20.502414996627497!2m3!1f0!2f0!3f0!3m2!1i1024!2i768!4f13.1!3m3!1m2!1s0x3135e4d3f5397033%3A0x6ae405f8381d5bc7!2sThai%20Binh%2C%20Vietnam!5e0!3m2!1sen!2s!4v1605507010041!5m2!1sen!2s', '2021-04-03 13:32:31', '2021-04-03 13:32:31'),
(23, 'Tỉnh Hà Nam', 'Tỉnh', 'https://www.google.com/maps/embed?pb=!1m18!1m12!1m3!1d239124.5098378605!2d105.83610429639268!3d20.534064834037345!2m3!1f0!2f0!3f0!3m2!1i1024!2i768!4f13.1!3m3!1m2!1s0x3135c511181964e1%3A0x74a9b90d3b326852!2sH%C3%A0%20Nam%2C%20Vietnam!5e0!3m2!1sen!2s!4v1605507021301!5m2!1sen!2s', '2021-04-03 13:32:31', '2021-04-03 13:32:31'),
(24, 'Tỉnh Nam Định', 'Tỉnh', 'https://www.google.com/maps/embed?pb=!1m18!1m12!1m3!1d479266.82620214776!2d105.97608209359885!3d20.20601186930379!2m3!1f0!2f0!3f0!3m2!1i1024!2i768!4f13.1!3m3!1m2!1s0x31360c2151521bdf%3A0xc8eba2bffe25df62!2sNam%20Dinh%2C%20Vietnam!5e0!3m2!1sen!2s!4v1605507034090!5m2!1sen!2s', '2021-04-03 13:32:31', '2021-04-03 13:32:31'),
(25, 'Tỉnh Ninh Bình', 'Tỉnh', 'https://www.google.com/maps/embed?pb=!1m18!1m12!1m3!1d479322.99551370804!2d105.57494503820602!3d20.18775911108223!2m3!1f0!2f0!3f0!3m2!1i1024!2i768!4f13.1!3m3!1m2!1s0x313670ab6f10c8c1%3A0x6de5534e3c130c2d!2sNinh%20B%C3%ACnh%20Province%2C%20Vietnam!5e0!3m2!1sen!2s!4v1605507051739!5m2!1sen!2s', '2021-04-03 13:32:31', '2021-04-03 13:32:31'),
(26, 'Tỉnh Thanh Hóa', 'Tỉnh', 'https://www.google.com/maps/embed?pb=!1m18!1m12!1m3!1d959926.2221560847!2d104.66449181278055!3d19.978618709834016!2m3!1f0!2f0!3f0!3m2!1i1024!2i768!4f13.1!3m3!1m2!1s0x3136c68ee3769299%3A0x178def516abfb4f!2sThanh%20Hoa%2C%20Vietnam!5e0!3m2!1sen!2s!4v1605507084120!5m2!1sen!2s', '2021-04-03 13:32:31', '2021-04-03 13:32:31'),
(27, 'Tỉnh Nghệ An', 'Tỉnh', 'https://www.google.com/maps/embed?pb=!1m18!1m12!1m3!1d964140.8591453946!2d104.27996600293994!3d19.274744459476484!2m3!1f0!2f0!3f0!3m2!1i1024!2i768!4f13.1!3m3!1m2!1s0x3139ce640b5a1dad%3A0x5c61bf7cd719a519!2sNghe%20An%2C%20Vietnam!5e0!3m2!1sen!2s!4v1605507103989!5m2!1sen!2s', '2021-04-03 13:32:31', '2021-04-03 13:32:31'),
(28, 'Tỉnh Hà Tĩnh', 'Tỉnh', 'https://www.google.com/maps/embed?pb=!1m18!1m12!1m3!1d969396.2992143892!2d105.24343682613973!3d18.360770161459836!2m3!1f0!2f0!3f0!3m2!1i1024!2i768!4f13.1!3m3!1m2!1s0x313828a1eee9c3c7%3A0x1ac77b26b87d106b!2sHa%20Tinh%2C%20Vietnam!5e0!3m2!1sen!2s!4v1605507121407!5m2!1sen!2s', '2021-04-03 13:32:31', '2021-04-03 13:32:31'),
(29, 'Tỉnh Quảng Bình', 'Tỉnh', 'https://www.google.com/maps/embed?pb=!1m18!1m12!1m3!1d974089.8392212865!2d105.74182137820803!3d17.50567863280381!2m3!1f0!2f0!3f0!3m2!1i1024!2i768!4f13.1!3m3!1m2!1s0x3138b0f638296f2d%3A0x901f872e6223598f!2sQuang%20Binh%20Province%2C%20Vietnam!5e0!3m2!1sen!2s!4v1605507135705!5m2!1sen!2s', '2021-04-03 13:32:31', '2021-04-03 13:32:31'),
(30, 'Tỉnh Quảng Trị', 'Tỉnh', 'https://www.google.com/maps/embed?pb=!1m18!1m12!1m3!1d978130.2852997517!2d106.3919210265425!3d16.735759573511057!2m3!1f0!2f0!3f0!3m2!1i1024!2i768!4f13.1!3m3!1m2!1s0x3140e4abaa1df129%3A0xe471fae020d54d28!2zUXXhuqNuZyBUcuG7iyBQcm92aW5jZSwgVmlldG5hbQ!5e0!3m2!1sen!2s!4v1605507149260!5m2!1sen!2s', '2021-04-03 13:32:31', '2021-04-03 13:32:31'),
(31, 'Tỉnh Thừa Thiên Huế', 'Tỉnh', 'https://www.google.com/maps/embed?pb=!1m18!1m12!1m3!1d979990.9389745158!2d107.04339363695597!3d16.369397211766934!2m3!1f0!2f0!3f0!3m2!1i1024!2i768!4f13.1!3m3!1m2!1s0x31419c87726490f7%3A0xab1c0fcaf7cb84b5!2sThua%20Thien%20Hue%2C%20Vietnam!5e0!3m2!1sen!2s!4v1605507180621!5m2!1sen!2s', '2021-04-03 13:32:31', '2021-04-03 13:32:31'),
(32, 'Thành phố Đà Nẵng', 'Thành phố Trung ương', 'https://www.google.com/maps/embed?pb=!1m18!1m12!1m3!1d245367.85397827387!2d107.93803797206633!3d16.072093425092543!2m3!1f0!2f0!3f0!3m2!1i1024!2i768!4f13.1!3m3!1m2!1s0x314219c792252a13%3A0x1df0cb4b86727e06!2sDa%20Nang%2C%20Vietnam!5e0!3m2!1sen!2s!4v1605507193674!5m2!1sen!2s', '2021-04-03 13:32:31', '2021-04-03 13:32:31'),
(33, 'Tỉnh Quảng Nam', 'Tỉnh', 'https://www.google.com/maps/embed?pb=!1m18!1m12!1m3!1d984199.0016050544!2d107.41384126277832!3d15.509835399117577!2m3!1f0!2f0!3f0!3m2!1i1024!2i768!4f13.1!3m3!1m2!1s0x31420dd4e1353a7b%3A0xe49cabb166747679!2sQuang%20Nam%20Province%2C%20Vietnam!5e0!3m2!1sen!2s!4v1605507211418!5m2!1sen!2s', '2021-04-03 13:32:31', '2021-04-03 13:32:31'),
(34, 'Tỉnh Quảng Ngãi', 'Tỉnh', 'https://www.google.com/maps/embed?pb=!1m18!1m12!1m3!1d986606.6788239565!2d108.09871771745378!3d14.99646070344747!2m3!1f0!2f0!3f0!3m2!1i1024!2i768!4f13.1!3m3!1m2!1s0x31683eeca9160973%3A0x4da18d6e3239edb1!2sQuang%20Ngai%2C%20Vietnam!5e0!3m2!1sen!2s!4v1605507226991!5m2!1sen!2s', '2021-04-03 13:32:31', '2021-04-03 13:32:31'),
(35, 'Tỉnh Bình Định', 'Tỉnh', 'https://www.google.com/maps/embed?pb=!1m18!1m12!1m3!1d990603.5800871823!2d108.41914640428585!3d14.104001994581669!2m3!1f0!2f0!3f0!3m2!1i1024!2i768!4f13.1!3m3!1m2!1s0x316f2def6e711bbf%3A0x45bf4c043ae5fd37!2sBinh%20Dinh%20Province%2C%20Vietnam!5e0!3m2!1sen!2s!4v1605507241847!5m2!1sen!2s', '2021-04-03 13:32:31', '2021-04-03 13:32:31'),
(36, 'Tỉnh Phú Yên', 'Tỉnh', 'https://www.google.com/maps/embed?pb=!1m18!1m12!1m3!1d994399.065050068!2d108.50463654452417!3d13.201986803427955!2m3!1f0!2f0!3f0!3m2!1i1024!2i768!4f13.1!3m3!1m2!1s0x316f70bf634caeff%3A0xfe6ebe1c1c171a80!2zUGjDuiBZw6puIFByb3ZpbmNlLCBWaWV0bmFt!5e0!3m2!1sen!2s!4v1605507257346!5m2!1sen!2s', '2021-04-03 13:32:31', '2021-04-03 13:32:31'),
(37, 'Tỉnh Khánh Hòa', 'Tỉnh', 'https://www.google.com/maps/embed?pb=!1m18!1m12!1m3!1d997873.9321400728!2d108.508670461951!3d12.319485686625304!2m3!1f0!2f0!3f0!3m2!1i1024!2i768!4f13.1!3m3!1m2!1s0x31701b8ca8dcd395%3A0x69c20827322308ce!2sKhanh%20Hoa%20Province%2C%20Vietnam!5e0!3m2!1sen!2s!4v1605507271054!5m2!1sen!2s', '2021-04-03 13:32:31', '2021-04-03 13:32:31'),
(38, 'Tỉnh Ninh Thuận', 'Tỉnh', 'https://www.google.com/maps/embed?pb=!1m18!1m12!1m3!1d1000031.0908711116!2d108.33159999577907!3d11.738860909562003!2m3!1f0!2f0!3f0!3m2!1i1024!2i768!4f13.1!3m3!1m2!1s0x3170956e17fa09af%3A0xf8f5929e768e9e45!2sNinh%20Thuan%20Province%2C%20Vietnam!5e0!3m2!1sen!2s!4v1605507288061!5m2!1sen!2s', '2021-04-03 13:32:31', '2021-04-03 13:32:31'),
(39, 'Tỉnh Bình Thuận', 'Tỉnh', 'https://www.google.com/maps/embed?pb=!1m18!1m12!1m3!1d1002576.3319937239!2d107.64392011370352!3d11.015066373574934!2m3!1f0!2f0!3f0!3m2!1i1024!2i768!4f13.1!3m3!1m2!1s0x3176c3f2d68f59a1%3A0x2737428edf34c28e!2zQsOsbmggVGh14bqtbiBQcm92aW5jZSwgVmlldG5hbQ!5e0!3m2!1sen!2s!4v1605507320290!5m2!1sen!2s', '2021-04-03 13:32:31', '2021-04-03 13:32:31'),
(40, 'Tỉnh Kon Tum', 'Tỉnh', 'https://www.google.com/maps/embed?pb=!1m18!1m12!1m3!1d988096.5799105004!2d107.38069246292451!3d14.669995632186838!2m3!1f0!2f0!3f0!3m2!1i1024!2i768!4f13.1!3m3!1m2!1s0x316be72358aad1df%3A0x619b11aaccd88a54!2sKon%20Tum%20Province%2C%20Vietnam!5e0!3m2!1sen!2s!4v1605507335736!5m2!1sen!2s', '2021-04-03 13:32:31', '2021-04-03 13:32:31'),
(41, 'Tỉnh Gia Lai', 'Tỉnh', 'https://www.google.com/maps/embed?pb=!1m18!1m12!1m3!1d991909.006783277!2d107.60158364147956!3d13.800287994503265!2m3!1f0!2f0!3f0!3m2!1i1024!2i768!4f13.1!3m3!1m2!1s0x316c1f82022f81a3%3A0x8c52b5f68143b50d!2sGia%20Lai%2C%20Vietnam!5e0!3m2!1sen!2s!4v1605507354530!5m2!1sen!2s', '2021-04-03 13:32:31', '2021-04-03 13:32:31'),
(42, 'Tỉnh Đắk Lắk', 'Tỉnh', 'https://www.google.com/maps/embed?pb=!1m18!1m12!1m3!1d996055.8616404878!2d107.67928436735727!3d12.788687409690525!2m3!1f0!2f0!3f0!3m2!1i1024!2i768!4f13.1!3m3!1m2!1s0x3171f7daf7307157%3A0x8ef97694d9883315!2zxJDhuq9rIEzhuq9rIFByb3ZpbmNlLCBWaWV0bmFt!5e0!3m2!1sen!2s!4v1605507368781!5m2!1sen!2s', '2021-04-03 13:32:31', '2021-04-03 13:32:31'),
(43, 'Tỉnh Đắk Nông', 'Tỉnh', 'https://www.google.com/maps/embed?pb=!1m18!1m12!1m3!1d998020.574651267!2d107.10022538346182!3d12.280871963988375!2m3!1f0!2f0!3f0!3m2!1i1024!2i768!4f13.1!3m3!1m2!1s0x3173b5ece644a927%3A0x7530e130f4a387ad!2sDak%20Nong%2C%20Vietnam!5e0!3m2!1sen!2s!4v1605507381336!5m2!1sen!2s', '2021-04-03 13:32:31', '2021-04-03 13:32:31'),
(44, 'Tỉnh Lâm Đồng', 'Tỉnh', 'https://www.google.com/maps/embed?pb=!1m18!1m12!1m3!1d999932.2721764692!2d107.43731656470102!3d11.766076132333083!2m3!1f0!2f0!3f0!3m2!1i1024!2i768!4f13.1!3m3!1m2!1s0x3171132659f3db7d%3A0xbb5ad2df5f54f56c!2zTMOibSDEkOG7k25nLCBWaWV0bmFt!5e0!3m2!1sen!2s!4v1605507395756!5m2!1sen!2s', '2021-04-03 13:32:31', '2021-04-03 13:32:31'),
(45, 'Tỉnh Bình Phước', 'Tỉnh', 'https://www.google.com/maps/embed?pb=!1m18!1m12!1m3!1d999807.805415844!2d106.35840508855446!3d11.800266915191212!2m3!1f0!2f0!3f0!3m2!1i1024!2i768!4f13.1!3m3!1m2!1s0x3173682fdb7d221f%3A0x94c01b0e72f84211!2sBinh%20Phuoc%2C%20Vietnam!5e0!3m2!1sen!2s!4v1605507408839!5m2!1sen!2s', '2021-04-03 13:32:31', '2021-04-03 13:32:31'),
(46, 'Tỉnh Tây Ninh', 'Tỉnh', 'https://www.google.com/maps/embed?pb=!1m18!1m12!1m3!1d125170.2675418176!2d106.0596125250039!3d11.366023081124238!2m3!1f0!2f0!3f0!3m2!1i1024!2i768!4f13.1!3m3!1m2!1s0x310b6aeab90d3fc5%3A0xa059d1214008df15!2sT%C3%A2y%20Ninh%2C%20T%C3%A2y%20Ninh%20Province%2C%20Vietnam!5e0!3m2!1sen!2s!4v1605507462833!5m2!1sen!2s', '2021-04-03 13:32:31', '2021-04-03 13:32:31'),
(47, 'Tỉnh Bình Dương', 'Tỉnh', 'https://www.google.com/maps/embed?pb=!1m18!1m12!1m3!1d501000.48739192035!2d106.37078712105652!3d11.182726431531064!2m3!1f0!2f0!3f0!3m2!1i1024!2i768!4f13.1!3m3!1m2!1s0x3174b66a8ef92879%3A0x339fda891c8d1473!2sBinh%20Duong%2C%20Vietnam!5e0!3m2!1sen!2s!4v1605507476266!5m2!1sen!2s', '2021-04-03 13:32:31', '2021-04-03 13:32:31'),
(48, 'Tỉnh Đồng Nai', 'Tỉnh', 'https://www.google.com/maps/embed?pb=!1m18!1m12!1m3!1d1002447.9747412889!2d106.60387508775477!3d11.052687532466951!2m3!1f0!2f0!3f0!3m2!1i1024!2i768!4f13.1!3m3!1m2!1s0x3174d952b84aea25%3A0xe04ae6f14b6e1655!2sDong%20Nai%2C%20Vietnam!5e0!3m2!1sen!2s!4v1605507489241!5m2!1sen!2s', '2021-04-03 13:32:31', '2021-04-03 13:32:31'),
(49, 'Tỉnh Bà Rịa - Vũng Tàu', 'Tỉnh', 'https://www.google.com/maps/embed?pb=!1m18!1m12!1m3!1d2013473.037597047!2d105.93803377928273!3d9.718157191912223!2m3!1f0!2f0!3f0!3m2!1i1024!2i768!4f13.1!3m3!1m2!1s0x31756c9c282e8e43%3A0xcce3539941eaed52!2sBa%20Ria%20-%20Vung%20Tau%2C%20Vietnam!5e0!3m2!1sen!2s!4v1605507502825!5m2!1sen!2s', '2021-04-03 13:32:31', '2021-04-03 13:32:31'),
(50, 'Thành phố Hồ Chí Minh', 'Thành phố Trung ương', 'https://www.google.com/maps/embed?pb=!1m18!1m12!1m3!1d501725.33821395703!2d106.41502371269013!3d10.755341097169092!2m3!1f0!2f0!3f0!3m2!1i1024!2i768!4f13.1!3m3!1m2!1s0x317529292e8d3dd1%3A0xf15f5aad773c112b!2sHo%20Chi%20Minh%20City%2C%20Vietnam!5e0!3m2!1sen!2s!4v1605507523596!5m2!1sen!2s', '2021-04-03 13:32:31', '2021-04-03 13:32:31'),
(51, 'Tỉnh Long An', 'Tỉnh', 'https://www.google.com/maps/embed?pb=!1m18!1m12!1m3!1d1003592.7591041131!2d105.56472932431907!3d10.712547639124834!2m3!1f0!2f0!3f0!3m2!1i1024!2i768!4f13.1!3m3!1m2!1s0x310ab63c952a4879%3A0xdbeaed99cfc54123!2sLong%20An%20Province%2C%20Vietnam!5e0!3m2!1sen!2s!4v1605507537829!5m2!1sen!2s', '2021-04-03 13:32:31', '2021-04-03 13:32:31'),
(52, 'Tỉnh Tiền Giang', 'Tỉnh', 'https://www.google.com/maps/embed?pb=!1m18!1m12!1m3!1d502324.8268610624!2d106.03034946519051!3d10.388758492067206!2m3!1f0!2f0!3f0!3m2!1i1024!2i768!4f13.1!3m3!1m2!1s0x310aafebb5a82681%3A0x3ce3a707c1376375!2sTien%20Giang%2C%20Vietnam!5e0!3m2!1sen!2s!4v1605507550859!5m2!1sen!2s', '2021-04-03 13:32:31', '2021-04-03 13:32:31'),
(53, 'Tỉnh Bến Tre', 'Tỉnh', 'https://www.google.com/maps/embed?pb=!1m18!1m12!1m3!1d502836.177380255!2d106.14117297528851!3d10.065646350107057!2m3!1f0!2f0!3f0!3m2!1i1024!2i768!4f13.1!3m3!1m2!1s0x310aa85c0cbca79f%3A0xaa3c54e567317543!2sBen%20Tre%2C%20Vietnam!5e0!3m2!1sen!2s!4v1605507566160!5m2!1sen!2s', '2021-04-03 13:32:31', '2021-04-03 13:32:31'),
(54, 'Tỉnh Trà Vinh', 'Tỉnh', 'https://www.google.com/maps/embed?pb=!1m18!1m12!1m3!1d503235.74705082056!2d105.98578489454081!3d9.80583770942747!2m3!1f0!2f0!3f0!3m2!1i1024!2i768!4f13.1!3m3!1m2!1s0x31a0174e1a0ced8f%3A0xb74b6e18ec398a13!2sTra%20Vinh%2C%20Vietnam!5e0!3m2!1sen!2s!4v1605507580037!5m2!1sen!2s', '2021-04-03 13:32:31', '2021-04-03 13:32:31'),
(55, 'Tỉnh Vĩnh Long', 'Tỉnh', 'https://www.google.com/maps/embed?pb=!1m18!1m12!1m3!1d502770.3690152893!2d105.70598343038996!3d10.107802288402578!2m3!1f0!2f0!3f0!3m2!1i1024!2i768!4f13.1!3m3!1m2!1s0x310a9bbc21448e13%3A0x52c66a3e695c75a5!2sVinh%20Long%2C%20Vietnam!5e0!3m2!1sen!2s!4v1605507595585!5m2!1sen!2s', '2021-04-03 13:32:31', '2021-04-03 13:32:31'),
(56, 'Tỉnh Đồng Tháp', 'Tỉnh', 'https://www.google.com/maps/embed?pb=!1m18!1m12!1m3!1d502770.3690152893!2d105.70598343038996!3d10.107802288402578!2m3!1f0!2f0!3f0!3m2!1i1024!2i768!4f13.1!3m3!1m2!1s0x310a65b3d50c121f%3A0xdca0c95ead346e40!2zxJDhu5NuZyBUaMOhcCBQcm92aW5jZSwgVmlldG5hbQ!5e0!3m2!1sen!2s!4v1605507635185!5m2!1sen!2s', '2021-04-03 13:32:31', '2021-04-03 13:32:31'),
(57, 'Tỉnh An Giang', 'Tỉnh', 'https://www.google.com/maps/embed?pb=!1m18!1m12!1m3!1d502026.61421430524!2d104.89522448872641!3d10.572683987075173!2m3!1f0!2f0!3f0!3m2!1i1024!2i768!4f13.1!3m3!1m2!1s0x310a198a4ee22a8d%3A0xdc1cb02c52c088ba!2sAn%20Giang%20Province%2C%20Vietnam!5e0!3m2!1sen!2s!4v1605507651774!5m2!1sen!2s', '2021-04-03 13:32:31', '2021-04-03 13:32:31'),
(58, 'Tỉnh Kiên Giang', 'Tỉnh', 'https://www.google.com/maps/embed?pb=!1m18!1m12!1m3!1d1006190.4629121445!2d103.93820304994986!3d9.897973568334914!2m3!1f0!2f0!3f0!3m2!1i1024!2i768!4f13.1!3m3!1m2!1s0x3109da1c921a75cd%3A0x87e74126335ff37a!2sKien%20Giang%2C%20Vietnam!5e0!3m2!1sen!2s!4v1605507665483!5m2!1sen!2s', '2021-04-03 13:32:31', '2021-04-03 13:32:31'),
(59, 'Thành phố Cần Thơ', 'Thành phố Trung ương', 'https://www.google.com/maps/embed?pb=!1m18!1m12!1m3!1d502745.65241348353!2d105.25200048230866!3d10.123590528004751!2m3!1f0!2f0!3f0!3m2!1i1024!2i768!4f13.1!3m3!1m2!1s0x31a0629f927382cd%3A0x72a463d91109ec67!2zQ-G6p24gVGjGoSwgVmlldG5hbQ!5e0!3m2!1sen!2s!4v1605507681785!5m2!1sen!2s', '2021-04-03 13:32:31', '2021-04-03 13:32:31'),
(60, 'Tỉnh Hậu Giang', 'Tỉnh', 'https://www.google.com/maps/embed?pb=!1m18!1m12!1m3!1d503261.08787986636!2d105.33189744260442!3d9.789130381733617!2m3!1f0!2f0!3f0!3m2!1i1024!2i768!4f13.1!3m3!1m2!1s0x31a0f291eda269b3%3A0x79a372e92efed9e5!2sHau%20Giang%2C%20Vietnam!5e0!3m2!1sen!2s!4v1605507704510!5m2!1sen!2s', '2021-04-03 13:32:31', '2021-04-03 13:32:31'),
(61, 'Tỉnh Sóc Trăng', 'Tỉnh', 'https://www.google.com/maps/embed?pb=!1m18!1m12!1m3!1d503557.9975563432!2d105.64610342004194!3d9.59122971355537!2m3!1f0!2f0!3f0!3m2!1i1024!2i768!4f13.1!3m3!1m2!1s0x31a05209a25f8e21%3A0xd673966a4a960a4e!2sSoc%20Trang%2C%20Vietnam!5e0!3m2!1sen!2s!4v1605507718969!5m2!1sen!2s', '2021-04-03 13:32:31', '2021-04-03 13:32:31'),
(62, 'Tỉnh Bạc Liêu', 'Tỉnh', 'https://www.google.com/maps/embed?pb=!1m18!1m12!1m3!1d503945.63583991525!2d105.26573484095361!3d9.326597628567676!2m3!1f0!2f0!3f0!3m2!1i1024!2i768!4f13.1!3m3!1m2!1s0x3198a91bc7eabd0d%3A0xef34f810e0c7c64f!2sBac%20Lieu%2C%20Vietnam!5e0!3m2!1sen!2s!4v1605507731656!5m2!1sen!2s', '2021-04-03 13:32:31', '2021-04-03 13:32:31'),
(63, 'Tỉnh Cà Mau', 'Tỉnh', 'https://www.google.com/maps/embed?pb=!1m18!1m12!1m3!1d1008652.599992516!2d104.50730641588754!3d9.05927528770157!2m3!1f0!2f0!3f0!3m2!1i1024!2i768!4f13.1!3m3!1m2!1s0x31a149a07aa13f7b%3A0xaff9e753b1b2e6b3!2sCa%20Mau%2C%20Vietnam!5e0!3m2!1sen!2s!4v1605507743615!5m2!1sen!2s', '2021-04-03 13:32:31', '2021-04-03 13:32:31');

-- --------------------------------------------------------

--
-- Table structure for table `roles`
--

CREATE TABLE `roles` (
  `id` int(11) NOT NULL,
  `name` varchar(255) NOT NULL,
  `createdAt` datetime NOT NULL,
  `updatedAt` datetime NOT NULL
) ENGINE=InnoDB DEFAULT CHARSET=utf8;

--
-- Dumping data for table `roles`
--

INSERT INTO `roles` (`id`, `name`, `createdAt`, `updatedAt`) VALUES
(1, 'Role_Admin', '2020-10-30 06:44:49', '2020-10-30 06:44:49'),
(2, 'Role_User', '2020-10-30 06:44:49', '2020-10-30 06:44:49');

-- --------------------------------------------------------

--
-- Table structure for table `trademark`
--

CREATE TABLE `trademark` (
  `trademarkId` int(11) NOT NULL,
  `name` varchar(50) NOT NULL,
  `description` text,
  `image` varchar(60) DEFAULT NULL,
  `createdAt` datetime NOT NULL,
  `updatedAt` datetime NOT NULL
) ENGINE=InnoDB DEFAULT CHARSET=utf8;

--
-- Dumping data for table `trademark`
--

INSERT INTO `trademark` (`trademarkId`, `name`, `description`, `image`, `createdAt`, `updatedAt`) VALUES
(1, 'CASIO', 'Casio thương hiệu Nhật Bản, là thương hiệu đồng hồ được ưa chuộng nhất tại Việt Nam.', 'TRADEMARK-1-CASIO.jpg', '2020-10-30 06:49:27', '2020-11-06 04:39:03'),
(2, 'CITIZEN', 'Citizen thương hiệu Nhật Bản', 'TRADEMARK-2-CITIZEN.jpg', '2020-10-30 06:49:35', '2020-11-06 04:39:28'),
(3, 'DANIEL WELLINGTON', 'Daniel Wellington thương hiệu Thụy Điển, được lựa chọn mua nhìu nhất trong những năm gần đây.', 'TRADEMARK-3-DANIELWELLINGTON.jpg', '2020-10-31 03:46:51', '2020-11-06 04:39:39'),
(4, 'ORIENT', 'Orient là một thương hiệu đồng hồ nổi tiếng của nhật.', 'TRADEMARK-4-ORIENT.jpg', '2020-10-31 03:49:33', '2020-11-06 04:39:49'),
(5, 'SEIKO', 'Seiko Ra đời năm 1963 là một thương hiệu đồng hồ nổi tiếng của nhật, các mẫu đồng hồ tự động (automatic) của Seiko đã ghi dấu ấn mạnh mẽ với những tính năng tiện dụng.', 'TRADEMARK-5-SEIKO.jpg', '2020-10-31 16:00:01', '2020-11-06 04:39:59'),
(6, 'G-SHOCK', 'G-SHOCK thương hiệu Nhật Bản, độ bền cao.', 'TRADEMARK-6-G-SHOCK', '2021-03-09 17:07:24', '2021-03-09 17:07:27');

-- --------------------------------------------------------

--
-- Table structure for table `users`
--

CREATE TABLE `users` (
  `userId` int(11) NOT NULL,
  `fistName` varchar(200) NOT NULL,
  `lastName` varchar(200) NOT NULL,
  `birthday` datetime NOT NULL,
  `phone` int(11) NOT NULL,
  `gender` varchar(10) DEFAULT 'nam',
  `province` varchar(200) DEFAULT NULL,
  `district` varchar(200) DEFAULT NULL,
  `address` varchar(200) DEFAULT NULL,
  `email` varchar(50) NOT NULL,
  `password` varchar(100) NOT NULL,
  `roleId` int(11) NOT NULL DEFAULT '2',
  `avatar` varchar(50) DEFAULT NULL,
  `createdAt` datetime NOT NULL,
  `updatedAt` datetime NOT NULL
) ENGINE=InnoDB DEFAULT CHARSET=utf8;

--
-- Dumping data for table `users`
--

INSERT INTO `users` (`userId`, `fistName`, `lastName`, `birthday`, `phone`, `gender`, `province`, `district`, `address`, `email`, `password`, `roleId`, `avatar`, `createdAt`, `updatedAt`) VALUES
(1, 'hoàng', 'kỳ', '1999-02-16 00:00:00', 223355667, 'Nam', 'Thành phố Hồ Chí Minh', 'Quận Thủ Đức', 'duong 8', 'test@gmail.com', '$2b$12$i.hGVJFaJsofOzVnnSdU6O9ipSuJOuEdN8Hc8CF6hqWVm1NJZex8e', 2, '1-223355667', '2021-03-15 12:34:12', '2021-03-19 07:46:41'),
(2, 'Trong', 'Nghia', '1998-12-31 17:00:00', 1238888888, 'Nam', 'Thành phố Hồ Chí Minh\'', '', '', 'user@gmail.com', '$2b$12$.HDFR7eYYUVQz.n0sFy27OeXSs3zT4zwhabCuuMc/8j7hbaTwbYt6', 1, '2-1238888888', '2021-03-15 15:26:42', '2021-03-24 08:31:47');

--
-- Indexes for dumped tables
--

--
-- Indexes for table `blogs`
--
ALTER TABLE `blogs`
  ADD PRIMARY KEY (`blogId`),
  ADD KEY `userId` (`userId`);

--
-- Indexes for table `bonus`
--
ALTER TABLE `bonus`
  ADD PRIMARY KEY (`bonusId`);

--
-- Indexes for table `comment`
--
ALTER TABLE `comment`
  ADD PRIMARY KEY (`commentId`),
  ADD KEY `productId` (`productId`),
  ADD KEY `userId` (`userId`);

--
-- Indexes for table `detailbonus`
--
ALTER TABLE `detailbonus`
  ADD PRIMARY KEY (`id`),
  ADD KEY `bonusId` (`bonusId`),
  ADD KEY `productId` (`productId`);

--
-- Indexes for table `detailcart`
--
ALTER TABLE `detailcart`
  ADD PRIMARY KEY (`id`),
  ADD KEY `productId` (`productId`),
  ADD KEY `listCartId` (`listCartId`);

--
-- Indexes for table `detailproduct`
--
ALTER TABLE `detailproduct`
  ADD PRIMARY KEY (`id`),
  ADD UNIQUE KEY `productId` (`productId`);

--
-- Indexes for table `district`
--
ALTER TABLE `district`
  ADD PRIMARY KEY (`id`),
  ADD KEY `idProvince` (`idProvince`);

--
-- Indexes for table `imageproduct`
--
ALTER TABLE `imageproduct`
  ADD PRIMARY KEY (`id`),
  ADD KEY `productId` (`productId`);

--
-- Indexes for table `listcart`
--
ALTER TABLE `listcart`
  ADD PRIMARY KEY (`listCartId`),
  ADD KEY `userId` (`userId`);

--
-- Indexes for table `products`
--
ALTER TABLE `products`
  ADD PRIMARY KEY (`productId`),
  ADD UNIQUE KEY `name` (`name`),
  ADD UNIQUE KEY `code` (`code`),
  ADD KEY `trademarkId` (`trademarkId`);

--
-- Indexes for table `province`
--
ALTER TABLE `province`
  ADD PRIMARY KEY (`id`);

--
-- Indexes for table `roles`
--
ALTER TABLE `roles`
  ADD PRIMARY KEY (`id`);

--
-- Indexes for table `trademark`
--
ALTER TABLE `trademark`
  ADD PRIMARY KEY (`trademarkId`),
  ADD UNIQUE KEY `name` (`name`);

--
-- Indexes for table `users`
--
ALTER TABLE `users`
  ADD PRIMARY KEY (`userId`),
  ADD UNIQUE KEY `phone` (`phone`),
  ADD UNIQUE KEY `email` (`email`),
  ADD KEY `roleId` (`roleId`);

--
-- AUTO_INCREMENT for dumped tables
--

--
-- AUTO_INCREMENT for table `bonus`
--
ALTER TABLE `bonus`
  MODIFY `bonusId` int(11) NOT NULL AUTO_INCREMENT;
--
-- AUTO_INCREMENT for table `detailbonus`
--
ALTER TABLE `detailbonus`
  MODIFY `id` int(11) NOT NULL AUTO_INCREMENT;
--
-- AUTO_INCREMENT for table `detailcart`
--
ALTER TABLE `detailcart`
  MODIFY `id` int(11) NOT NULL AUTO_INCREMENT, AUTO_INCREMENT=6;
--
-- AUTO_INCREMENT for table `detailproduct`
--
ALTER TABLE `detailproduct`
  MODIFY `id` int(11) NOT NULL AUTO_INCREMENT, AUTO_INCREMENT=52;
--
-- AUTO_INCREMENT for table `imageproduct`
--
ALTER TABLE `imageproduct`
  MODIFY `id` int(11) NOT NULL AUTO_INCREMENT, AUTO_INCREMENT=175;
--
-- AUTO_INCREMENT for table `listcart`
--
ALTER TABLE `listcart`
  MODIFY `listCartId` int(11) NOT NULL AUTO_INCREMENT, AUTO_INCREMENT=4;
--
-- AUTO_INCREMENT for table `roles`
--
ALTER TABLE `roles`
  MODIFY `id` int(11) NOT NULL AUTO_INCREMENT, AUTO_INCREMENT=3;
--
-- AUTO_INCREMENT for table `users`
--
ALTER TABLE `users`
  MODIFY `userId` int(11) NOT NULL AUTO_INCREMENT, AUTO_INCREMENT=3;
--
-- Constraints for dumped tables
--

--
-- Constraints for table `blogs`
--
ALTER TABLE `blogs`
  ADD CONSTRAINT `blogs_ibfk_1` FOREIGN KEY (`userId`) REFERENCES `users` (`userId`) ON DELETE SET NULL ON UPDATE CASCADE;

--
-- Constraints for table `comment`
--
ALTER TABLE `comment`
  ADD CONSTRAINT `comment_ibfk_1` FOREIGN KEY (`productId`) REFERENCES `products` (`productId`) ON DELETE SET NULL ON UPDATE CASCADE,
  ADD CONSTRAINT `comment_ibfk_2` FOREIGN KEY (`userId`) REFERENCES `users` (`userId`) ON DELETE SET NULL ON UPDATE CASCADE;

--
-- Constraints for table `detailbonus`
--
ALTER TABLE `detailbonus`
  ADD CONSTRAINT `detailbonus_ibfk_1` FOREIGN KEY (`bonusId`) REFERENCES `bonus` (`bonusId`) ON DELETE SET NULL ON UPDATE CASCADE,
  ADD CONSTRAINT `detailbonus_ibfk_2` FOREIGN KEY (`productId`) REFERENCES `products` (`productId`) ON DELETE SET NULL ON UPDATE CASCADE;

--
-- Constraints for table `detailcart`
--
ALTER TABLE `detailcart`
  ADD CONSTRAINT `detailcart_ibfk_1` FOREIGN KEY (`productId`) REFERENCES `products` (`productId`) ON DELETE CASCADE ON UPDATE CASCADE,
  ADD CONSTRAINT `detailcart_ibfk_2` FOREIGN KEY (`listCartId`) REFERENCES `listcart` (`listCartId`) ON DELETE SET NULL ON UPDATE CASCADE;

--
-- Constraints for table `detailproduct`
--
ALTER TABLE `detailproduct`
  ADD CONSTRAINT `detailproduct_ibfk_1` FOREIGN KEY (`productId`) REFERENCES `products` (`productId`) ON DELETE CASCADE ON UPDATE CASCADE;

--
-- Constraints for table `district`
--
ALTER TABLE `district`
  ADD CONSTRAINT `district_ibfk_1` FOREIGN KEY (`idProvince`) REFERENCES `province` (`id`) ON DELETE NO ACTION ON UPDATE CASCADE;

--
-- Constraints for table `imageproduct`
--
ALTER TABLE `imageproduct`
  ADD CONSTRAINT `imageproduct_ibfk_1` FOREIGN KEY (`productId`) REFERENCES `products` (`productId`) ON DELETE CASCADE ON UPDATE CASCADE;

--
-- Constraints for table `listcart`
--
ALTER TABLE `listcart`
  ADD CONSTRAINT `listcart_ibfk_1` FOREIGN KEY (`userId`) REFERENCES `users` (`userId`) ON DELETE SET NULL ON UPDATE CASCADE;

--
-- Constraints for table `products`
--
ALTER TABLE `products`
  ADD CONSTRAINT `products_ibfk_1` FOREIGN KEY (`trademarkId`) REFERENCES `trademark` (`trademarkId`) ON DELETE CASCADE ON UPDATE CASCADE;

--
-- Constraints for table `users`
--
ALTER TABLE `users`
  ADD CONSTRAINT `users_ibfk_1` FOREIGN KEY (`roleId`) REFERENCES `roles` (`id`) ON DELETE NO ACTION ON UPDATE CASCADE;

/*!40101 SET CHARACTER_SET_CLIENT=@OLD_CHARACTER_SET_CLIENT */;
/*!40101 SET CHARACTER_SET_RESULTS=@OLD_CHARACTER_SET_RESULTS */;
/*!40101 SET COLLATION_CONNECTION=@OLD_COLLATION_CONNECTION */;
